x1,x2,x3,y
0.42533129675688897,-0.07403373827775805,-0.6934346558378695,0.5456447024161432
-0.8270969686295879,0.4021413257795494,1.0,4.5384200707182725
-0.16334819534337663,0.05475804697511344,-0.35197926362498544,0.027220973575998064
-1.0,0.9059168299393006,-0.6025781538079482,9.34750985832999
1.0,0.40563793812003435,0.02284950558543164,6.233329497419254
1.0,-0.5823112806969737,-0.1893273904491446,3.3161409159923867
0.3149006162987924,-0.44916868678639377,-0.43190445859230775,1.278734016073456
-0.9385807815306597,-0.2897998737455765,0.33584518753299486,-1.4401976392260003
-0.22896461402375312,0.5312682474960262,-1.0,-4.2508154662876425
-0.3685520353382594,-1.0,0.11353711050812487,3.352770041073258
0.040999847514347376,-1.0,0.6728058859045054,-0.7602446071044245
-0.25701891692012424,1.0,-0.4713230874005907,7.563712051750492
-0.4078895061225041,0.008713082545044992,-0.7618349363370056,-0.1418969760125032
-1.0,-0.5519162058155889,-0.13992630368673376,-0.6677813269991142
0.12694276873038102,1.0,0.10301653019689616,7.528301919284965
0.6041564761105378,0.984935833566134,-0.28187437421067596,8.953819154386661
1.0,-0.8595880431814649,-0.31384953089850476,-0.7587035536994037
0.6935854023835355,-0.3767514992179313,-0.4876976245493261,1.482069485143367
-0.6805597446238743,1.0,0.6702585423279008,6.007177324669359
0.06284433056544558,0.10923795916202117,1.0,0.24464863279320948
-0.24836495999087904,-0.05760697330134046,1.0,0.4249822033841373
1.0,-0.856861232988912,1.0,-2.6151082023649805
1.0,0.04605564177607979,0.35978527193897825,5.384694480537898
-1.0,1.0,-0.44395424255684723,12.39857663946757
-0.5517057673482855,0.42731227702005237,-0.14423704615142507,-1.4035760045730707
-1.0,0.08495871771870966,-0.06804018643245557,-4.237082221717639
1.0,-0.15945893529422528,-0.9795802515477394,7.388543609941647
-0.6618008206002384,0.6608520229094821,1.0,6.57741710046465
0.6243712898335438,-0.39177753184582254,1.0,-2.332184759036335
0.47855468540943424,-0.7198030758155165,0.39676074680994766,1.1412177055513024
-0.9405363322529772,-0.03083770779809436,-1.0,8.441774227064183
-0.1438544212633992,0.15912177808656547,0.5347846656379405,-0.38774862879533295
0.2096049186029203,-0.6792542828226218,1.0,-3.6047147471676935
1.0,-0.7237938046631736,-1.0,-3.8222629290676458
1.0,0.24393628493019737,0.3025436123747236,6.560048655109101
-0.6145047463953632,-0.17955416373106825,-0.7885412152757305,0.8532169020608352
0.5986215013501262,-1.0,0.5633978620862894,-1.447824613025174
0.6021845755877966,-0.4466311837781505,-0.0838236649300459,1.729716745867087
-0.07483176468013109,-1.0,-0.5692390703395931,-0.7770436117553354
0.043083957969095144,0.9189235604296302,0.21875293566758214,4.611592273578672
0.3700647389836458,-1.0,0.005847172474967133,1.016305325015724
-0.46655848681664325,-1.0,-1.0,-12.382386757623905
-0.20101743999367572,-0.6836427352605214,0.6836028283088833,0.27067970549643383
1.0,0.3828060354616025,-0.042941337376546374,5.477736418072989
-1.0,0.3397393733088703,1.0,3.519270537069316
-1.0,0.24283694787497878,0.8431083528526546,-1.3522395212340503
0.4833818802811789,0.14413202188302088,1.0,0.15790370240948176
0.44931720977001977,-0.249400535042835,-0.2619791565745244,0.7877804481035006
-0.2305410348331356,-0.4152349161729134,0.6062741094438888,1.279241582762559
0.7529875279103715,0.24748407704582598,-1.0,0.35898335106333923
-0.7604966984329637,0.5183017896268427,-0.5982201021595273,-0.9232616079640328
0.19598577509424686,1.0,-1.0,5.220237928587227
0.06801199342993991,1.0,-0.2463470051621821,9.394316295616413
0.9476505851610801,-0.921890639619914,-0.5194352133589315,-4.373748112379447
0.2639046073530442,-0.5030391288909764,-0.04755885434593066,1.6386698568219438
-0.8726628191579331,-1.0,-0.8032468006958291,0.6112148393424188
-0.6881795150180912,1.0,1.0,15.672975963417874
-0.88625496213327,-0.5494698119503103,1.0,6.709717936220147
0.06048078602675888,-0.33230922072634117,-1.0,-4.928902820564372
0.6369925186188943,0.7899476177502507,-1.0,0.008692322162718202
-1.0,0.37999783693405575,-0.34672156095018236,-1.2283389284909378
0.4447147183580267,-1.0,-0.3050295626221404,-0.7811291299179046
-0.25102586926429904,-0.564220431564314,-0.3984549167234994,1.0660526846110603
1.0,0.46724962484559196,0.5023007013477283,8.776844157895448
1.0,0.8782334082120116,0.8129067694770673,18.622821152189108
-0.7665239058158646,1.0,1.0,16.741503855543723
0.21977365131962467,-0.9977902979275148,-0.034451410356853174,1.7005959505121508
0.26792922453567236,0.5688242651449522,-0.5135458074082127,1.025939161650165
-0.40629393806097625,-0.4182758413389329,-0.07632101973560546,1.0174600494949753
1.0,0.010644403622602105,-0.034893559977320354,4.802654240592125
1.0,-1.0,0.95001255635962,-7.5463197788824585
-1.0,1.0,-0.661017690106217,12.421816836810848
0.4097075990926955,0.12056156155930786,0.6116740114782566,1.0438057322232142
-0.6688558764730952,-0.17965034855044992,0.5702506908645337,-0.8387433157951999
1.0,0.45068320802265327,1.0,21.007753920465596
-0.13152636920727057,0.4242204797608753,0.8066609066751786,0.7933565611257332
-0.2292880686000891,-0.3090558029440851,0.33958404767730643,-0.1667742325914321
0.5169669137059323,0.3217967133402633,-1.0,-1.9598907272001345
-1.0,0.8819598659804746,-0.13828297370024756,4.30181943902555
-0.4794723808612211,-0.12046327271156221,-0.4061575360586127,0.25313731560920616
0.26401867306638827,-0.009473922753495456,1.0,-1.6141586156539682
-1.0,-0.5347639845051453,1.0,9.148614474109747
1.0,1.0,0.12635929290166437,13.488872530713953
0.0688310400249148,-0.5743383552013881,-0.15292492890019949,0.41708541653832687
-0.08977417939510857,-0.5903185404137314,-0.2535155930406614,1.0629354062244856
-0.06404960352665823,0.4745080095155296,-0.6307162615082773,-0.11510102268670172
-1.0,-1.0,0.14001053332615054,8.913052005270535
-0.13814242198829763,-1.0,0.13797750023307898,2.827913361240681
-0.9933261288252928,-1.0,-0.21432048874072573,6.923348179584901
1.0,-0.007477588520579337,-1.0,8.069210124225174
0.7467840905277348,-1.0,-0.36323792354055073,-3.8769021481210544
-0.18255966302065962,-1.0,1.0,-5.6302724641331015
1.0,-0.33775512445339495,-0.35109982546280993,4.852092939744469
-0.0457121608266462,0.39224769343007093,0.8691276942581532,0.36239642460025745
0.022513726737064754,1.0,-1.0,3.477439230015449
-1.0,-1.0,-0.420891443221564,5.6983477990705955
0.7437344359634943,-0.026726207575999972,0.249504745871439,2.3870122201269943
-1.0,-0.2867703750402155,0.46274627138908087,-2.151085799833942
-0.4277353579895382,0.9518558732484137,-1.0,-1.647076663369385
0.4570027408422004,1.0,-0.38792939484708655,10.395645422704977
-0.14860455433599062,0.6522951524272167,0.46070258012919085,0.5879048499127388
-1.0,-0.48300506435983803,-1.0,6.122227351565583
0.6730418585125897,0.19644093892080683,1.0,3.214588686269139
0.985338206775914,-0.3440401237589248,0.39131567551974333,4.845216498375263
1.0,-0.11940177967453902,0.684181312623998,6.969646725902834
-0.44767414179473497,0.0815651102838415,0.7344151430013606,-0.7906585297873623
-0.0824914601016451,1.0,0.6874646750963775,8.507248437207227
-0.30546282848372575,-1.0,0.11436063173474253,3.1332614464980977
-1.0,-1.0,-0.6991547021234079,2.674377021813402
1.0,0.4519843522138254,0.19709996748631786,7.226825560477183
-1.0,-0.04739365368160953,-1.0,10.226365197699664
-0.2953360256698201,0.3331600651367064,-0.34802733939824804,-0.6755667204447925
-1.0,1.0,0.3164618913835644,3.3935197650634237
-0.4627736472425277,-0.9105274695722989,-0.17482982716208717,3.718268796899726
-0.44424999123986963,0.2205147035307342,0.9620308042379515,1.3623329218288278
-0.07858074267188431,-1.0,-0.22747133893663074,2.479370151429871
-0.8982006884600815,-1.0,-1.0,-0.396230301866913
1.0,-0.19148176374715375,0.17149283992972575,4.751088239675475
0.9768458450977777,0.7326060725209456,-1.0,14.609011079378556
-0.2390487294243302,1.0,-0.4038158393368916,8.373344612298768
1.0,-0.05640130059180981,-0.8539223111544632,7.585239154115537
0.8793795872808994,0.6693912374679192,0.5496860731122342,6.660528849015957
0.1995091471831676,-0.8523836302893502,-0.013622470656362573,2.9038741668674994
-1.0,-0.25444488437267343,-0.22455483844853563,-2.574282603082354
-1.0,-0.13678586618934552,-1.0,9.11658396657154
0.049173112928565965,-0.8370060275049742,-0.3984842142248679,0.992565373512544
-0.04095886635344259,-0.22685985230307737,0.5826859019948325,0.7629039011646113
-0.32759925718078864,0.17259945293662993,0.9620992399832848,0.9871081424231163
-1.0,0.9778499366380728,-0.057582995931191316,7.405938414782369
-0.3160956383430893,1.0,-0.1709690697712043,6.8914681230134285
0.16094658816008134,0.35380103947218666,-0.29556456987835,0.8305011307431911
0.8570474327435136,0.13320670181503336,1.0,7.577277085457032
-0.5900407880814185,-1.0,0.6309780363011332,3.156265763094154
-0.44206342623724804,1.0,-0.24368205319085412,6.577372351525184
0.415483070004524,0.11224414137700078,0.9139088726682023,0.5411350271544859
0.15161058921601778,0.35878348637664415,-0.9807930198754904,-2.484687579644993
-0.1286667321399051,-0.3319898432766808,1.0,-1.4278390730319033
0.8362690346464239,-0.1472833291100739,0.33827391062081635,2.767442327314906
0.9100274470652692,1.0,-0.49464364518193116,15.678499355885746
0.07210901365896949,-0.944735092924704,-0.00031289970382664123,1.3634430611076385
0.2214339777263743,0.7407764416992024,1.0,6.790694999355603
1.0,-0.22250163639560183,-0.5330213454613175,5.260208105354742
-1.0,-1.0,0.5502784030053964,12.788122577189114
-0.8274571970698938,-0.35537981723661183,0.6550795840457408,0.3486774059882558
-1.0,-0.695597076986856,1.0,14.441146455013081
0.1608550817675638,-0.4257049219922129,-0.19577474571072395,0.9259339207333692
0.33466303067661696,0.15550885290813876,-0.03039093938713422,1.2121205599913
-0.42869709731753436,0.1540112112806784,0.6319280441766966,-0.7024107279006708
-0.0024632711391281426,0.04615639614926037,0.7709530681010623,0.43577491875003044
0.014534586781517644,-1.0,1.0,-6.6759736195897315
0.3523149590518895,-0.45153456905429357,-0.011730699556116164,1.7493004498030338
0.035037076506972076,0.7118521451868733,-0.6227856333779831,0.19384579591655848
0.7582009850803209,1.0,0.9677884991198411,12.981081087904254
0.5393567255733944,0.08722431821916743,-0.10052671061796148,1.397188103342484
-0.17104884140995447,0.26383533451316765,-0.5614010194571506,0.6111186684058099
-0.4866901602536857,0.01993766408683806,-1.0,-0.8251469032875275
1.0,-1.0,-0.8152603852699509,-18.104855234211062
-1.0,1.0,0.7578443356971196,2.3321472483307644
-0.8402172714487357,-0.7539623877110804,1.0,7.249705379195631
-0.4415182305095282,-0.9985415041227843,-0.5504935260871453,0.3040960002463985
-1.0,0.07946848908546689,0.3084913673888907,-5.064267487087113
0.5915764536003556,0.7596544177351308,-0.8264785175907472,1.147559893598034
-0.8427864216416192,-0.022864483066478147,1.0,2.70904146722639
-0.843279497203818,-0.47345646802184116,-1.0,3.1409955634045814
0.16499070404791172,-0.2253643379076089,-0.43223044993984727,0.8970020412795283
0.8257289104014767,1.0,-1.0,17.689176014288762
-1.0,-0.40310610479972553,0.16732881312720282,-1.102678654731113
0.4652199451381509,1.0,-0.45405254037015763,10.555195616513315
-0.6447184885618933,-0.19825672328908794,-0.01715346673385376,-0.9856212325049395
-0.11198894974862728,-0.4302721427829288,-0.6634338421076993,0.1985612078427678
0.8502740405215394,1.0,-0.9007336990510368,19.51896542090928
0.1457999856103953,-1.0,-1.0,-18.212555079876164
0.5139065067686921,-0.4892974627066333,0.1954010631621792,1.1629055516746036
1.0,1.0,1.0,25.903512891182093
-0.328921977297842,1.0,1.0,15.086654440169596
-0.973600342277481,0.9677529687493276,0.09524910323614999,3.8440919590843863
-0.10769856665275812,1.0,1.0,13.678073016011352
-0.24247990138130193,-1.0,0.5729445356033578,0.7298991392814855
0.4103089038419945,0.9698330437860083,0.9287802955511764,8.829135968636303
1.0,1.0,-0.06376922134150731,15.099699782817849
1.0,-0.07562177807183379,0.4836247995326186,5.654652211453964
1.0,0.8534815220411913,0.6326884694301862,13.594479023611335
1.0,0.608316199521262,-1.0,13.543899325463746
-0.5740313003141997,1.0,-1.0,0.12847006075615916
-0.040602014234720984,1.0,0.17587562845378168,7.384734967253646
-0.8380615588768683,-1.0,-1.0,-3.0629621527721067
0.869997639977409,1.0,0.5089734970086364,10.579379414521348
-0.7815443932997292,-1.0,-0.5786688588678104,2.6893021716056653
-0.9624290252401231,0.011362670612873993,-1.0,9.578748469550884
-0.44115372032661293,-0.02069863869232691,-0.35738042263379155,0.5097297396078181
0.2477672632282586,0.1375178425713124,-0.6128812212935175,1.0796385988680623
-0.9689098998294452,-1.0,0.8422604498492199,16.328842178990733
0.895915181892758,0.06133657540641835,-0.0755252709826777,3.380923125866302
-0.4509189727735863,-1.0,0.24918391174161614,3.5501541452456906
-0.5155221321954337,0.21837338662279304,0.8921592376066025,0.11620349009705422
1.0,0.6784300062285338,-1.0,16.12987090915675
-0.14354555308265748,-0.20150769025937176,-0.7542811045383726,0.1989718078867305
1.0,-0.14480354293172892,0.7610383165720331,7.287085737191478
-0.10471777950291505,0.7423358199586854,0.18998173094376813,0.9485577314672891
0.5688114368513362,-0.1703721586365552,-0.5231646082090851,0.8489142792448369
-0.32713321876134027,-0.44188281177979927,0.988421423224515,0.6310586066165661
0.010602163716301183,-0.8260985533798813,1.0,-2.631713435199406
-0.49495278860775915,-0.29283185127405287,0.8563734894308521,1.0874529890111189
0.5636730990568224,0.16528478452264617,1.0,0.9859193870060738
-0.9331107509579635,-0.20274705906522095,-0.1759041418950147,-1.9867705121481796
-0.8407544994017802,-1.0,-0.8948988902215131,-1.0425698298814372
-0.7290322682039978,0.8754123928181474,0.31659304739163185,-0.3123407245539422
0.9996908345528037,-1.0,0.10089170169708273,-8.42834473346031
1.0,0.22238516129866603,-1.0,10.332593772488663
1.0,0.7070569086828682,0.6499019545691134,12.694320240071988
1.0,0.7082252243886453,-1.0,15.797388979861406
-1.0,0.7014445757026457,-0.4500317701969734,2.5551706660394253
1.0,1.0,1.0,26.50089087134245
-1.0,-1.0,-0.30417531430474587,6.060593242532126
-0.10849528534896447,1.0,0.4285905300651893,7.440966288008057
-0.26434967603313586,0.6655224915560318,-0.1604870996128156,-0.12847479586902058
1.0,-0.9851057127212244,-1.0,-26.90471294807005
-0.6759683328888013,-1.0,1.0,0.8100806699004669
-0.4178970978694325,-0.8579004043203167,-1.0,-8.462073192717309
0.18995328222307362,-0.2018785545565971,-1.0,-2.8203855608570674
0.8896480622954261,-0.9707724746408708,0.23121091596239896,-4.29165153680421
-0.20716503903806638,-0.8600595646319149,1.0,-2.453339799734552
-1.0,1.0,-0.46403126773761727,11.792406713654348
0.8162459533134074,-0.4671915453700204,0.8665902486041006,0.9534387600706751
-0.7446245385583359,-0.726654110969851,0.3050753326075879,2.308268616723791
0.042453579512861994,-0.2520156937550688,-0.39973066080523667,0.9004772798500195
-1.0,0.4337345492580822,0.3919102630105138,-4.2684156713862285
-0.15783634705163996,0.15536401456236226,-0.7425306955110273,0.1932469270272239
0.6525637097362229,0.4929927948893327,-0.748506525372628,0.6095606827340271
0.716842632301151,-0.5515580291486717,0.4808935306715214,1.9710742788675901
-0.6317377019689077,-0.8014476672424491,0.9623352851719678,2.2763218712229443
1.0,-1.0,0.3865305658810232,-6.765373885166024
0.2654219442797976,0.5358720825044243,0.4938762464656552,0.5578064503389494
-0.7068153285605683,0.18442923360284058,-0.31288418909507754,-1.2239561401383316
-0.612536035172359,-0.6785425268164924,-0.7745845173326122,0.03392988876962197
-0.5183566612392205,0.4198911916104624,1.0,4.0601088126588145
0.3482009157223007,-0.07142826543142067,-0.160209061267522,1.4673347624458397
-1.0,-1.0,-0.02380523208785079,7.533048819975891
-0.01822406950304578,-1.0,-0.6933037987672124,-4.0739762912857
-1.0,-0.5123666729880028,0.035090046214379056,-0.24943122008141605
1.0,-0.6919050704689158,-0.6389132351494484,3.3321002325545686
-1.0,-0.19890456040342408,0.9881754978356403,4.718770462095849
-0.08574490051533123,-1.0,0.5264409134460368,0.2660783923094395
0.18052803336794376,-0.3153227653933246,-0.3072288828003722,0.9407952818528276
0.26499910749687405,-0.106563179279062,1.0,-1.8296839732405488
-1.0,0.39737096298005925,-1.0,16.1578303193284
0.3806802888785199,-0.7368713469926573,-0.36466284088931533,1.2273325253791212
0.36599238561706304,0.5638555076211249,-0.3587866539789957,0.9194938197836401
-0.384113787280733,0.6993093733164797,-0.9146447037776326,-3.0160133497733956
-0.7436404053023578,1.0,-0.2642693363998172,4.97289207940461
0.3456743294401472,-0.9999810406163903,-0.2544172645150222,0.6585794524938173
0.6860221523487977,-0.6643131800033202,0.6868644472136847,-0.011973183740510207
-0.11803986976607383,-1.0,1.0,-7.207459701608275
1.0,-0.30855233377525315,0.660622012900419,7.130224017187929
-0.45356060384037455,-0.17250171989198848,0.7652838809347047,0.6343957531847193
-0.7861160573552326,1.0,-0.3066571704607497,5.798205159185527
0.7081614134217087,-0.1578247242601134,-0.7400888970745174,1.9897650080886495
-0.2979580856284918,-0.9676289993048295,0.15726665004360396,3.2826729909954033
-0.5261578011550154,0.5918795698424588,0.23366294010259758,-1.9747031312739405
-0.4933345335170405,0.24520756898722662,1.0,1.2304819636786004
0.8563704696851608,-1.0,0.4548245066850225,-3.9983890677069214
-0.6244915418867873,-1.0,1.0,-0.21201742941350007
-0.30626546733148063,-0.9441174773126586,1.0,-3.7782921296661467
-0.39608806841976163,0.3202902859170902,-0.7426477579883519,-1.2539001777354573
-0.48624259230881917,0.06383712503546857,1.0,1.770403592659597
0.2049243173466193,-0.7633758138464981,1.0,-2.7396436507577735
0.0009647852397147716,0.16408348659592842,-0.15826325752561554,0.7335343691666147
1.0,-0.05022748665929555,-0.47504024422097735,4.50637884785903
-0.32660103766708937,-0.7566966123176928,-1.0,-7.280618547233622
-0.6870909766184186,0.44278282533992797,0.9388540628298871,1.6833598447429403
0.942676184827306,0.914618437754871,0.42165591659140755,9.784025077427577
-0.3307680688085517,0.518533241356897,0.18710108534658132,-0.9126383048800225
0.013028545263214397,-0.5610319981103153,-0.5678896661633177,0.7750216419903645
0.6248446017511269,-0.907382156892081,-0.8964517270415784,-9.633082450783123
0.6623627836598369,-1.0,1.0,-7.311458254754718
-1.0,-0.8299499555683609,-0.2292730346193539,3.455013461126572
0.008072817527581488,-0.7260818605080863,0.36765280925237587,0.9988980858887158
0.4161446642643303,0.10044611090401045,-1.0,-3.369186937266355
0.20216775697378297,0.8333498563724941,-0.9259976150412617,-0.6363725330317405
-0.6036986644007691,0.2748698333025257,0.9787450146392846,2.1375454633298583
-0.03697417796312141,-0.28701667430750644,1.0,-0.41739592189511593
-0.5213037578822279,0.8599777600923113,0.8389896882959118,4.961745626334828
-0.3261200197687273,0.17054677720573563,-1.0,-1.5704457566921937
1.0,-0.8558844268344177,-0.10546448249127738,-0.601897565377452
-0.8695772852899619,0.033333231215675774,-0.3358610715555106,-2.0611911294959313
-0.32043033311729396,-1.0,1.0,-4.613822453702557
0.23657417469017328,0.24523945431293925,1.0,1.3153946199769255
-0.9911398403108689,0.48139611203601507,-0.7383918581021325,3.9753306815790364
-0.439541127742759,-0.7852286361319878,-0.2218226378343875,2.310839884092265
-0.5840511601411191,-0.6074861363550075,0.7619209771326936,1.4494798186905646
1.0,1.0,-1.0,38.82444898705309
0.6576386325926007,-0.7954949200916237,0.29763253594213723,-0.14357161676445424
-0.8535970984058459,-0.8825086189274081,-0.8432655806312814,2.0036867271339274
1.0,-0.9110054596197421,0.16145247971693322,-3.0118518667945864
0.4247979884904385,0.918020792705893,0.15923342867903623,4.931101480429399
-0.2626406604043148,-0.22074679664881502,-1.0,-3.276496940894557
1.0,-0.642872110316943,-1.0,-1.5624565828195798
0.6439899096254642,-0.8659556711445076,-0.04941579757247627,0.17090210434818576
0.06503475842893569,-0.46485689477938164,0.709748524600839,-0.11675311275960015
0.45882727784914756,0.5353865326879712,0.3630106753909783,0.9192562827531618
1.0,-0.48866997419507285,0.009378478471733676,3.566173113996801
0.7218216118142098,1.0,-0.2534688163479606,10.162938946776372
-0.9919572502249643,-0.9603045903443628,0.07216968833732995,7.442474691324722
-0.29753145112628454,-0.9950102338430693,-0.5511362360256016,-0.1543220034180921
0.1595531232822036,-1.0,1.0,-7.119091083629712
-0.6962771178634826,-0.21020214756229794,-0.31656324722131135,0.19807582418487643
0.2222724791804762,-0.028609378116961404,-0.4336821444933465,1.5192934100488353
-0.9430000761831827,-0.06306316680006185,0.9359177813899053,2.38762751544184
-1.0,-0.9287441045865621,-1.0,3.8239058932600836
0.23459290213119788,0.710548472097412,0.22467491975088194,1.2999578492252344
0.9013330427073238,-0.27517409056441244,-0.211059619708577,2.738805793785665
1.0,1.0,-0.03628599235400931,14.60584031222373
-1.0,-0.20834030900167266,-1.0,8.113937608885925
-0.762991159032061,0.6155413161455832,-0.06738563537903652,-2.5736985580543563
1.0,-0.7251056812946814,-0.5749553653803554,2.561190862531202
1.0,0.2708452578064642,0.7959766411575686,10.757269251694794
-1.0,0.053463453594548405,-0.05790125927198364,-4.440513463993341
-0.16839380516396174,1.0,-0.18318495426412396,8.664141156135837
-0.9829907846461132,0.4318593073625525,0.33956832428195116,-4.94171621603082
0.3774254224740172,-1.0,0.5905780139152617,-0.5045713306054036
-0.9924774370626979,-0.41095542100829907,0.031939902412159826,-1.9999617533907341
-0.8087725376038932,-0.354549672414483,0.14490587951644063,0.17796442359953676
-1.0,-0.22353858677204919,-0.3079997078826071,-3.513517351060456
0.45363144354195306,1.0,1.0,9.284417391614872
-0.5785096825699652,-0.8826329353504814,-0.4956139153920769,2.0685209260877233
-1.0,-0.21167723761354007,1.0,5.327696295438509
-0.5799404592439372,-0.34343553406899074,-0.6351590497430717,1.0931282435278395
0.618633867876432,0.5892926880286455,-0.043077265543602916,1.3905561719732655
1.0,0.6768737595402226,1.0,25.852250833416687
-0.31174799190419766,-1.0,1.0,-5.146649650270998
0.4466892253367907,1.0,0.11822284079417611,7.482578648523859
-0.5891858165400627,1.0,0.45726533266394,4.942174811473954
-0.019020054566188715,-0.15829587158767744,0.2524428938852352,-0.5239972870131075
1.0,0.7066871237992969,1.0,25.058323697594634
0.7013312791911266,-0.7888987649412851,-0.25815750072706356,1.0014443903556907
-0.9057857057868761,0.38624205002960843,0.7333511660008318,-2.2949532367106924
0.6429025312041476,-0.540950633280191,1.0,-3.4908191397398682
0.32064876022531896,0.8996679263785845,0.6495699144955138,4.749337464509452
-1.0,0.14633104319563572,-0.1880744308256479,-3.8905016662751755
1.0,1.0,-0.5243121659436369,21.43046145275645
-0.7816112669945081,0.45941017503351134,-0.33697121162516463,-2.4318949172786875
0.8933132854275765,0.5341603047688619,-0.20709987839769806,3.317961230049841
-0.515151637728958,0.9196710637363223,0.2612633969936151,2.2666024732062393
-0.6842642262148777,-1.0,0.5437728461625304,5.9958351860174455
-0.15022061883597715,1.0,0.4527324291617203,7.599858614564795
1.0,-0.9573592913716138,0.023745651549428093,-5.228751269928824
0.49558899997215744,-0.772957370626234,0.9174893379256359,-2.8712659202471276
0.8180249422740997,0.7521317605396267,0.22966826827246134,4.964145123456039
-1.0,-0.21336586913939337,-0.904591583744061,5.109928851984546
-0.35752200463196604,-0.007130733574622461,-1.0,-2.37476077761643
1.0,-0.03470679057818282,0.8288337207560492,9.236100766838296
-0.6568825748911247,-0.10029836220502286,-0.894251682285039,1.3841142232678127
0.8017952568575897,-0.5399901960191138,-1.0,-5.049828156540578
-0.3164172757924708,-0.42798710130363404,-0.3173562445768905,1.5679907715448511
-1.0,0.03006703123586263,0.5275843947652756,-3.902149189088899
-1.0,-1.0,1.0,21.88956166109741
1.0,-0.5654238442104664,-0.1288139610694634,3.2538098713515504
-1.0,0.23470369334410668,-0.7439052392292325,3.3430526297936947
1.0,-0.008387134472654711,0.8506650100237105,10.162287907240144
1.0,-0.1044222188312467,0.058018551433392185,4.96751124834462
-1.0,0.368117051825279,0.20452017054793825,-4.553323120302463
-0.5713969743136071,0.3316355048536497,0.4309217172858417,-1.2670578950178535
-1.0,-1.0,-1.0,2.870726943299394
1.0,0.5947124208229702,0.7051847607619184,13.609116215387361
0.10295247234928451,0.44677695751211877,-0.7265050121685632,0.3572937173222044
0.8228671742809954,1.0,0.21822920474067908,8.923221945615124
-0.15622272997341913,-0.3307500256882552,1.0,-0.8544504800669155
1.0,0.2364634354479409,1.0,17.05886484772683
0.022647424613924994,-1.0,-1.0,-17.33809167478375
1.0,0.9508866607769499,-0.6316844805757722,18.520101147052262
-0.023099948160781647,0.1535615294450292,-0.9310009598496318,-1.3751874980957257
-0.15701116455845243,0.28542458733261067,1.0,2.888187620968583
0.12320487042179518,-0.010293566951914412,-0.4682886179069905,0.911202902599374
-0.7275233703865558,-1.0,-0.10122618141725082,5.89669442437028
-0.007561386107405976,0.5969958796674202,-0.8179400690797032,-1.0327682580319655
0.18629160721540905,-0.41326161338782796,0.10777793229811161,1.1947234647038874
-0.7261873158881098,-0.6355969687208316,-0.5918952028052413,1.1806390203874733
0.36515881164297004,0.20657284204021154,-1.0,-3.2362317083249947
1.0,-0.5376609814613822,-0.271258991254298,3.3077190649482002
-0.34422554384519155,0.9576736411742337,1.0,13.47834928647484
-1.0,0.34059041736645423,-0.8672346331737042,7.550271761549179
-0.3881089374052298,-0.6517384288883172,-1.0,-5.610018485459825
0.2162080595981204,0.17118583469982895,0.4575865976116178,1.140116955928543
1.0,-0.6507523475011023,0.42886633468603175,3.5247396007034006
1.0,0.6766970816791369,-0.9294262391551349,12.263192033708117
-1.0,-1.0,0.17112781892074613,8.811367724305766
1.0,-0.29830859736248705,1.0,7.50150276426662
0.36414453030973304,-0.4888710282531068,0.5086433312095557,0.45210025467746096
-1.0,0.839337792439266,0.10700877836147815,0.696221873087105
1.0,1.0,0.8389674303316599,19.77317106490211
-0.12465007468552658,0.3405689031639776,0.47739397368428627,0.0374776888146303
-1.0,-0.19967469039482966,0.9923911465806421,4.585089967881863
-0.05075935983944091,0.2828837914908915,0.6586114733496538,-0.2270983174614117
1.0,-1.0,-1.0,-29.546290362041145
-1.0,-0.41454226909264213,0.6844889347264631,1.0485994201052298
0.2503125506444279,-1.0,1.0,-6.970526595608038
0.1414332822723121,0.07055486682869816,-1.0,-3.338871198542128
-0.11766252373278707,0.1954076731956047,0.6706546372221522,-0.051286033803121384
-1.0,-0.0886937854486427,-1.0,10.142233884605893
0.5069075111974108,-0.08646811601895266,0.980495940471221,-0.7064317610335308
0.038254009004399236,-0.762786004586196,-0.2104503549347987,2.285064840748854
-0.6259069892990199,-0.9970738984172831,0.2711398540933756,4.685645072956117
-0.6717777378035252,0.6592681039474846,-0.6411748250225704,-1.8101777269917438
-0.8791823252028812,-1.0,-0.10129752260257607,6.285543256535747
0.32260838620708454,0.24646387116004864,0.3819931093455773,0.6252906451617507
-1.0,-0.6534439257527775,0.4782627088152891,3.6510267767196143
0.4964286388555572,0.4231778291700474,-0.3034582634950189,1.5839961302753374
-0.08818152755307951,-0.9422045878111096,1.0,-4.473259064224503
0.7723262983950696,0.9095342799578621,-0.6607743999309099,7.510475359600291
0.6867083536771765,-0.7334821299275198,1.0,-3.7994391271332195
1.0,0.8724552351602055,0.4125091445608362,11.516385671934387
-0.4949649576650894,-0.9589892070311106,0.2110385277547575,3.4188885175055317
1.0,-0.14144300838248225,-0.5802772432087351,5.00870552033577
0.16069351444492908,-1.0,0.38752023765419175,0.8766117552417678
-1.0,1.0,-1.0,21.082918165425955
1.0,-0.06460319787386615,0.5352246903980986,6.220641393487392
0.8565648629968943,1.0,-0.1588310142317917,10.506892408312941
1.0,0.3964844474391884,-1.0,11.279806140460376
0.24140116638637932,-0.6639378650985417,0.3230135544294619,1.2791288507604528
0.08526639077867482,-0.14455235891097296,-0.3431144915016757,1.5627023769927793
0.6573028453296954,0.5994809014621416,-0.1423784558287413,1.8595709264207763
-0.04134673680747314,0.2852239989257901,-0.41147018922351153,1.1033178763212357
0.9475273588180837,0.6871452865996921,-0.029791552759679263,6.061071179935659
-0.17650434345624166,-0.5036348495907665,0.24190217316737272,0.8284880812594793
-0.050588357724191235,-0.6377035162894247,0.050979857878532986,1.5970438388546089
1.0,-1.0,-1.0,-29.861468517589884
1.0,1.0,0.7498458463119146,17.371621245668457
-0.01702471055691368,-0.2256796538164192,1.0,-0.9843135628736832
0.9759348941689552,-0.5685715049378286,0.038766657585082465,3.2239380327459064
-0.14784103915935498,0.6507230870757319,-0.6205815092493348,-0.4758151350382178
0.7532175169132442,1.0,-0.21259881232310596,9.096361384764396
1.0,-0.3569340487587962,0.2824420169784194,4.268288102887039
1.0,-0.32765228175212124,-0.5846243501923158,4.96927737494003
-0.15739821915088625,-0.07978841399085934,0.171739402685255,-0.20157201868629376
0.15490856917792994,-0.3290314617011125,-0.3170689272730871,0.9625884878846391
0.1310239764253791,-0.12953333338191575,-0.29446807424210597,1.3135136599284987
-0.3857065980372876,-0.6762020694666244,-1.0,-6.2012092766356
-0.7305333667984353,-1.0,0.2208062534833326,6.514573413151221
0.5049842056964062,0.48225098045979387,0.41026967105290435,1.2198729134479178
0.6336371226993767,0.13089370985546878,1.0,1.710837691449675
0.2979229380623605,-1.0,1.0,-7.507591526915348
1.0,0.5190541872307437,-0.6060618206154051,5.529741291051763
0.793461340885522,0.2742713571452706,0.9402561809548917,6.068899729479241
1.0,-1.0,0.8175190149476166,-6.021107825098128
-0.4481715248487135,1.0,0.39923559773256945,6.307820167276801
0.2597749349858156,-0.537563113940337,1.0,-2.7691316767370204
-0.04405230147645667,-1.0,-0.09188247999076515,2.324260700153307
-0.5335119596170577,-0.2798539658962125,-0.6522712914129429,0.2034666650698856
-0.2529152821132836,-1.0,-0.046923405180497424,2.9042043848379717
0.8366143798393844,-1.0,-0.378580102343236,-5.452011973700455
-0.99218842979234,-0.19678849431152967,-0.03311619312666947,-2.681116365928628
-0.8639127812321872,0.4661682628735804,0.9311127859379513,0.5216464180698415
0.538902057930525,-0.37262264586322535,0.629827774369766,0.7605312705991545
0.22997876658766825,-0.5515228128432117,0.0051165807321054135,1.442829561193959
0.3713910783026477,0.9434933964168335,0.08436414550214533,5.759984674094827
-0.38101258939290594,0.28919723241579653,-0.38211636748941347,-0.9405914076581248
-0.3153914026632878,0.363023211455167,-0.028322929296076715,-0.6210208900444643
0.035070887995743316,0.4497586413386463,-0.23685030391795991,0.09489408953549966
0.017441647915935832,-0.1966013817133807,0.2515242711405159,0.8821848686667524
0.9174184945336394,0.7079724422499918,-1.0,9.173776372299994
0.4057742484056388,0.23876136658577418,1.0,0.5487417807883349
-0.0792219604372435,-0.13199265813403027,-0.4700570060417226,0.722953380341105
-0.007904159328034899,-1.0,0.15577020262512864,2.9173244943599563
0.184499138393454,-0.2972874656227624,0.8710121548163703,-0.5044224329299883
0.01257889874644258,0.9414940418091575,0.9358433604999925,9.423252551560749
0.8056193911368841,-0.40298282513407613,1.0,-0.7535849336307565
-1.0,-1.0,-0.07691777040222081,7.100727902336146
-1.0,0.4184330803973,1.0,4.474964004911827
-0.20648477162717827,-0.040724136499870056,-1.0,-1.9301059311482067
0.4180939340839278,-1.0,1.0,-7.769018092882858
0.08264694231537528,-0.47474448112455736,0.5591014430335817,-0.36100919549082555
0.07106387368382094,0.8775545117033547,-1.0,-1.782600240025869
-0.9312601613376574,-1.0,-0.8109790874662688,2.2771359427482816
-0.06740702546641764,0.5859997359653897,-0.02657171587240592,0.18135735159133276
1.0,-1.0,0.021675722632776173,-8.10767600818018
-0.16913421050366573,0.19936572214980464,1.0,1.4094940937713596
-0.28840485511318925,-1.0,0.8242947955166202,-1.7138333560581245
0.33248529776607616,0.04796887271589001,0.7366137122607532,0.024516878914504492
1.0,-0.32887898809947225,1.0,7.344287605654884
-0.6089199494430428,-0.4991401688543131,-0.1066147696656663,0.7682481799922871
-1.0,0.3609278633930779,0.6005145971522925,-4.177785671949852
-0.03417442571514595,-0.045098663641733205,1.0,0.12990793830218278
0.11574412587723759,1.0,-0.13287525495381902,7.907704237866645
-0.46369013280005933,-0.8145566335262011,0.6311525016976078,1.522503502461772
0.3078314501684427,0.1361092798464858,0.47520951190698635,0.24518409897190663
-0.41549461030472457,0.18882349721661695,-1.0,-2.4160635207540624
-0.38626790839234104,0.021199024293996338,-0.6576636084935534,0.02063953105892581
-0.17717603341411792,-1.0,-0.8256700645977733,-6.714950079261863
-1.0,1.0,-0.520143202059278,12.76526257640979
-0.5986104365875953,1.0,1.0,15.562068785892674
-0.3137848771648377,-0.8240263727831292,1.0,-2.3802006749794917
-0.5178556405193404,0.14507769636712653,-0.36539962284594596,-0.2930756310785727
0.4962998608170137,-1.0,-0.7551267606392149,-8.144186797599522
-0.17381597533867166,0.7835249783494176,1.0,8.288398590369123
-0.30976549933568287,-0.06797241513543484,-1.0,-2.9727162144137393
-0.03879628600510676,-0.2424070124432398,0.5490580475921141,0.3135380167225875
0.036808240546074344,-0.37720690551405855,-0.21800674609005966,1.7729523848099986
-0.8628861546408841,0.6489063614022039,0.3141622147991867,-3.548343932367637
-0.3609957402488584,0.8424405565409374,0.6840331835702111,2.9330795404339907
1.0,0.36957223303384645,-0.2686868448145949,4.997715273981951
-0.6993957276357714,0.2832018740712028,0.48832207134001315,-1.976847781470702
1.0,1.0,0.21479212234778866,13.103587673591301
-1.0,0.39326681094846205,1.0,4.241295150114583
-0.2807890659761685,-0.37213165063769815,0.5219000945829573,0.3155668529957371
-0.5103995547580795,0.15983640824716017,-1.0,-1.4811574943050396
-0.8275014827178213,-0.8451802343801667,-1.0,0.8774227381802981
-0.4617483410057093,-0.22609571515212545,0.2918363843594478,-0.20185068890620927
0.4021371629830848,-1.0,0.1528688592496421,1.5121636475321336
-1.0,1.0,1.0,17.046393729698334
-1.0,0.06946577810710663,0.18701764403707766,-5.170497841467293
0.44332995805640785,-0.19676395890444032,-0.7218534832493968,1.1970674856370902
-0.17743333899568126,-0.34436531184946406,1.0,-0.20148160273679416
-0.8189328081847695,-0.6756051570004902,0.11871768987526754,2.5292525170028144
0.0983387292343687,0.8607884695070949,-1.0,-1.7952088706239713
0.5793852003612028,-0.7644231333534266,0.9665470023591385,-3.6588573158110407
0.20976606613778093,-0.31938980716458065,-0.4527927535440608,1.0951082602038587
-1.0,0.7983964994540291,-0.8137115051033204,10.647501949297435
-1.0,-0.8281079857700169,0.15996771676404786,4.768078671844709
-1.0,0.7832925241244335,-0.8419594084732815,12.123123379559384
0.41137258168459545,-0.5311065234976375,0.3361828487929013,1.1169671453963619
0.9542851688213658,-0.5451350981830572,0.0656236275735893,2.161091237279837
-1.0,0.5526309857133027,-0.37424726207211156,0.20924585040598864
0.5663466362274132,1.0,-0.5558316590759684,10.927929903263633
0.4433421528719508,-0.43410232618149247,0.731873567656115,0.3969020936380895
-0.10238149461868362,-0.7921644940837564,-0.49650456855154235,1.2578369334079147
0.2416747794275158,-0.6560469556335693,0.5734282171273795,0.16866924543647022
-0.8066968317769339,0.5197081784856381,-1.0,5.1284152565347165
0.14414910750344379,0.32678515425187826,0.24269317431679216,1.4551912894289702
1.0,-1.0,0.6982743375959579,-5.458256991142843
-0.7813705671805853,-1.0,-0.4146697933207779,4.193865567579966
-0.09876608791970987,-0.45768867931422164,1.0,-1.7251952939662687
0.579825868134646,0.47666327589230995,0.0480595737962084,1.5728963871037138
0.1756225190613525,0.11686300533569405,-1.0,-2.9864091669992963
0.23922162798718838,1.0,0.1537840735133551,8.088805423546455
-0.5921224450562919,-1.0,1.0,-0.8238025254785489
0.16632381229598425,-0.050711380603248646,-0.054884311990057943,1.095231780146442
0.6309831958524053,0.9358385987658222,0.25577660771547706,5.389320377106406
0.7134477830396482,0.3142582603461552,0.3040346508411471,1.970035272177928
0.7089984447861843,-1.0,-0.8957913510805422,-16.898965658056596
-1.0,-0.31971538502109453,0.3360259031421837,-2.0578607743053867
0.8813286512788818,1.0,-0.37010583611132897,14.615327607360685
0.4671168686781375,-0.6008306482718822,1.0,-3.828643246995663
-0.08644688320669314,0.38443670917135875,0.7211923249850718,0.7729700419737426
-0.6183915434963105,0.5260079803107622,-1.0,-0.35066568599197745
-0.42287792113675615,0.287369106964966,-0.2581145744764184,-1.5615768585440684
0.6706841842655262,-0.2162465939075664,0.7411408970292868,1.4064325809030942
0.03703565685636789,-0.7046627701535721,-0.963717898858528,-7.282107142322737
0.7514686752106097,0.20504986558908422,1.0,5.252936514051067
1.0,-0.9227667375693602,-0.0066646498360078965,-3.5256541342950167
0.22362061981911796,1.0,-0.011686671249470537,8.258274788611589
0.0990989361790704,-0.042284028404681484,0.5628191363875779,0.1734204653884192
-0.14659856354280998,0.17210626653738315,0.5166986789412997,0.16118917444263675
0.8921869725739635,1.0,0.15749313224276396,9.753627352869241
-0.6991745668239135,-1.0,0.1884603248695751,5.33457186708377
-1.0,-0.19929084311089107,-1.0,8.625658491368045
0.2510282748098558,-0.16144732423041863,-0.9422176535146325,-0.49127574184807754
-1.0,-0.5433338429897476,0.6678975867173182,2.6456711412451157
0.3422199079553485,1.0,-0.42217129875349624,9.957757341098919
0.40071128796692435,0.8181437199732786,0.27481244719591946,2.78057868196937
0.7502752775026102,0.20461879212876988,0.12191181357888747,2.5829502394453754
-0.6846537429136854,-0.7717795936346645,0.6642626227159221,2.617676573238823
0.11247279752809103,-0.9808566557797032,-0.5442048015149474,-1.5172846840530254
-0.8810371597683018,1.0,0.3789750002158683,2.3795932405910247
0.7422571964975546,2.0939018402721388e-05,0.16974262032630616,1.3222776926983375
1.0,0.9829242070906321,0.15362596624500835,12.882815693180259
-0.1685369351079944,-0.2865253801091918,1.0,-0.9029850592546357
0.2035516647708686,0.1335276537644634,-0.22709611606321456,0.812006999468154
0.9402709021183846,0.34746834559956064,0.297422018986208,6.017554820640551
-0.17270291730159437,-0.26679862580850777,-0.7079930125274483,0.9075516913342037
0.6288865813991775,0.07781026027412641,-0.5319763902690535,1.5280164731835293
-0.9911460115459938,-0.7223280131383234,-0.9183194097035137,3.678632627228935
0.312265971707983,-1.0,0.7844496594114052,-1.4245194185059527
-0.26696265634334404,0.368915320173562,0.26087625126074476,-0.8512256655001638
0.05417887529863541,1.0,0.568113804858102,7.4930115609241765
-0.2933039631342873,-0.1335534456024179,-1.0,-2.170632015546994
1.0,0.6833273485880189,-0.045059001881846195,6.807473549653216
0.01799241518865302,1.0,-1.0,3.571022248103614
0.6398942407815504,0.681515424106129,0.09989048055127481,1.8638779934772283
-0.29848445723390116,0.2690418446114553,-0.17011381341871235,-0.3443090826575691
-0.44853327135007026,0.92734193897073,-1.0,-1.5280870501492314
0.8667593631909007,-0.5671538615035319,-0.7637565311729826,1.249259875482685
0.08296907150170973,0.0356969105714382,-0.3257890365510603,0.44349229280799995
0.2829796932992814,-0.4144402640703577,0.6712565366439864,0.38171517513827996
0.027437240507257155,-0.30181197599903564,-1.0,-3.944897850457771
-0.697402895353757,-1.0,-1.0,-7.227297573100445
-0.9123931750010297,0.6163739031323863,-1.0,10.223977739051488
0.31549606871725633,-1.0,0.2397045443646375,0.4686635426971545
1.0,-0.7298679015211826,1.0,0.5105566595805748
-0.292767264263208,-0.31683264569575775,-0.05954422551464855,0.2752849308945606
-0.07953430086851965,-1.0,0.07801240609661741,2.1960177434725527
1.0,-0.15846661445977617,1.0,9.486071383438093
-0.4453183521627946,-0.5046768115948328,-0.02139183106551723,0.7065270047448768
0.19482094004967387,0.9772022352061429,0.12875842070870003,7.255110991723716
-0.04753706408565783,0.5945601243428285,-1.0,-4.369272737821891
-0.08169450950328971,0.49877590603841826,-1.0,-4.552958366959335
1.0,-1.0,-0.32442779958457546,-9.531470470751076
0.2385881120939748,0.621121207755754,0.6075782306026922,1.270907551006977
0.08358258520950335,-0.9340341698515875,-1.0,-13.850850421605402
-0.2399932489258929,1.0,0.39938008463985053,7.629099398233706
-0.18512479045841257,0.42789125019644136,-0.8819829775090207,-1.1551399051689146
-1.0,-0.5767153050225167,1.0,10.204935784980579
-1.0,-0.47154832197023766,-0.3937589261274841,-0.9134683761620191
0.6913183871799582,0.27018120886574293,0.7067052103646374,2.6832685479454486
0.5833713733256269,0.5019747868376303,0.6662992448408607,2.6036778018023865
-1.0,0.3966551720779865,0.4660990224357935,-5.2704643177936115
-1.0,1.0,-0.5553922442321468,12.343834959239969
0.18737364045336835,-0.9301370220824263,0.04616249643568904,2.323727379147631
1.0,-0.8438530586573301,0.6637410310836365,1.0084380110701177
1.0,1.0,0.09602299485565902,13.678255971748085
-1.0,-0.3685497947473171,0.42688249377997,-1.0370828023445855
0.2309986443952774,1.0,-0.9140680753366612,8.363822479835411
-0.6726173439058758,-0.30448362226394976,1.0,2.4126281429787397
-0.1903154812557981,-0.3560507223029672,-0.45930840298290576,1.4743854144489008
1.0,-1.0,-1.0,-29.801151539519104
1.0,0.13786773350136872,1.0,14.728585318084873
-0.24747933525403454,-1.0,-0.9696086797238066,-13.810584102403825
1.0,-1.0,0.38198484117033527,-6.6060212363398545
0.15330457355196137,-0.07292282385111148,-0.7259370761512878,0.828459837460142
-1.0,0.7703882560031474,1.0,10.898963047960086
-0.5542086779318325,0.026290730869130474,0.8477055128269781,0.4914607010075334
-1.0,1.0,1.0,16.811635463697503
-0.0837820742668649,-0.4092761905080189,0.05701587415150744,2.2382949320525816
-0.26612416176300036,-0.6257795971781281,-0.4757536631823387,1.1766575348280695
0.016741629668079794,-1.0,-0.09359851095357419,1.8350970733699614
-1.0,-0.12571784121810858,0.057898355401177826,-3.772488783507918
-0.20458374716026384,-0.7667330858431198,0.3626163180931108,0.7752630406447347
-0.5397526508233781,-0.6144368981894166,-0.13517420874080233,2.0785460570497256
1.0,-0.41117094289525635,1.0,6.427412163407828
-0.459294682280041,-0.26472376676078224,0.5556738160002239,-0.4724658074872245
1.0,-0.34422585238654446,0.28425866644198616,5.540361952209788
0.6806482066083577,-0.9960805976469917,-0.1802072605700895,-1.3705850902095063
-0.35146939403112043,-0.9388133409681771,-0.35928350294316025,1.8226913283204684
-0.5475550349804681,0.7751973078698535,0.9061563609093519,4.272042491622341
-1.0,-0.7174211691441963,0.09491671248487044,2.1676364827306376
1.0,-1.0,1.0,-8.6853876230941
0.9056763703276849,-0.18262193666211646,-0.009687713719464863,2.5049973549999924
-0.07431696494873807,0.8114329398238269,0.4006309403099413,2.489635637519518
-0.8912640521383055,-1.0,-0.7125584189962149,2.325083429645263
1.0,0.21046411515328556,0.41092807766424655,7.3205184948627995
0.7264844930491361,1.0,-0.8840984255159472,14.608872659878378
0.3073495277131615,0.60701886636893,1.0,3.753873846829849
-1.0,-0.4669957325579912,-0.7464229465403083,1.1953418710110761
-0.03055751605512458,-1.0,-0.1296790764153395,1.9947687878711553
-0.25358992852088225,0.6983434410915665,1.0,6.2593796712373795
-0.5453331989413936,-1.0,0.1762347947690659,4.195090812224294
-1.0,1.0,-0.2027753305076665,10.299430565138449
1.0,0.4207211002993403,0.3303379801865942,8.010369086416084
-1.0,-0.9693561794802421,-0.1673108413597999,5.952091741010096
-1.0,-0.3191286263988342,0.6174278326212208,-0.5873986558573794
-1.0,0.7647540635523957,1.0,10.728358804865378
0.12712092097294558,0.15655967491581047,0.8478502518628148,-0.06414324555471212
0.9230399250815506,0.5854891583882675,-0.48214130713123127,4.2872156119762055
1.0,0.16463739807879962,0.29305367950833405,6.067747718133851
1.0,-0.41386714840896355,-1.0,2.8242439691978474
0.2256789641904995,0.8775064688145935,-0.6959653194157136,4.0723443315543335
-0.7167524551693194,0.03343806902066526,0.10321688610150925,-0.9885687195044834
0.10746271176718625,-1.0,-1.0,-17.494330468331786
-0.8882806906942093,1.0,-0.34065746714063017,6.860574535496397
0.7832503907134187,0.5756387230233795,0.08316619228134736,2.9524084519592337
-0.009518090693323877,0.5459670453619769,1.0,3.87366613271414
1.0,0.08931514291478293,1.0,14.25428791371515
-0.22302301325107132,1.0,0.7954546740633768,9.62076669589896
0.48317671744209334,-0.825747340409583,-0.23377370880302806,1.2866876157259088
0.03210260206188709,0.5678776673344725,-0.7825003900017931,-1.0756603812418937
0.6190971363401578,0.2898789529282937,0.31300112350017684,1.7952688321343984
-0.6924590066069909,0.2366422206174288,0.31263660636508317,-2.002216951574124
0.8971783699935549,-0.7363312189111151,-0.2633926755307341,1.032876792567608
-0.09679107534296505,1.0,-0.04792810187942931,7.646575789126091
-0.5123025667325061,-0.1322982813435598,-1.0,-0.9015792080066505
-0.62585615263264,0.16781534420619315,0.08340655952679965,-1.5300560572646662
-1.0,0.29884995005472526,-0.24322612707296343,-2.538690505204867
-0.32167292066058484,-0.2532079663299007,0.17418092542001973,0.5352782050221223
-0.22015143861411945,-0.6416958058299607,1.0,-1.0974323111001705
0.4264362204847312,-1.0,-0.32539563962800444,-0.4080602086947721
0.2132053043019999,0.07424369892914506,-1.0,-3.2612418993024472
0.5046917785836433,-0.7243978332454548,-0.31778857156653384,0.6239438178970388
-1.0,0.017607270397866026,0.7702650208771162,-1.391987400879917
-0.005476939619959431,-0.20224531161440362,-0.25294415862350816,0.8706539884386053
-0.3435003288003573,-1.0,-0.8008640394913493,-5.579520549344066
-0.5797013800276412,-1.0,-0.834485640100062,-4.507545696118004
-1.0,0.38423856964520686,-1.0,16.511343227412056
1.0,0.37575338220711596,-0.49017076740114707,5.033275882531131
-0.3129700896548484,-0.04652132328527547,0.9935178000376204,0.6616134317110328
-0.6136559941618862,0.14915835062419136,-0.35189251151876366,-1.0240183185125993
0.7874445817210722,0.8269186234763206,-1.0,4.389866787831879
-0.2880176776641128,0.722423927314265,0.5566215813747892,0.7427605575180265
0.19457182443207888,-0.02539349249366385,-0.8804203646222017,-0.33100884403492115
1.0,0.37377147991448,-1.0,11.186624412507197
-0.08506564639023062,-0.49553601421196913,-1.0,-5.461149696632419
-1.0,-0.8050715550762813,0.46055475626988085,6.510059658999708
1.0,-0.28953276323018406,-1.0,4.516817635585592
1.0,-0.16058788289766834,0.9769974644052934,10.072173257327956
0.1525779712013633,0.514507150812654,0.2595055331546412,0.43984669190587383
1.0,0.3959092290578765,0.3764604862919796,7.898112647739729
-0.17962644429667574,-1.0,0.43361094764164143,0.6992377366842728
1.0,0.45123329526511147,0.821243456088643,14.550616347631912
-1.0,-0.4671154619326392,-1.0,5.634956860573857
-0.1910588016192254,0.6215216499229594,0.04877542843777949,-0.6307135423300916
0.4514075437122216,0.05354414974872501,0.9018175097630092,-0.28476684451569334
1.0,-0.739067286273581,0.39528281659255393,1.6681735036095329
-0.5267336497234192,0.475416172254991,0.4407375863581571,-1.1035664202912043
0.2669112738286781,-0.30840753974744817,-0.034963091081077646,1.5856534375263367
-0.1359306506485103,-0.0014742988219014208,-0.5896257455631397,-0.1544965788492214
0.6199591273244089,0.6974901568826397,-1.0,-0.8146050941539076
-1.0,-0.22284322705269366,-0.06488547368564168,-4.200634923869741
-1.0,0.9683435707707866,-0.4441623881703616,10.367864837610103
-0.7486595557755438,-0.7816376926677422,-0.27275918965483537,2.714912513665852
0.9330726080203187,-0.18996360873301588,-0.5090824111441039,4.090993662635363
-0.5087632277200813,0.15772096918172718,-1.0,-1.4410094237881585
-0.633643608680081,-0.6865371111689371,1.0,2.453358955224493
-0.2138819031921939,-1.0,0.38367847877068617,1.7316395355833447
1.0,-0.13621227617168374,-0.4559091370089108,4.897173328579115
-1.0,1.0,0.22574888115094405,3.628706418536452
0.9873859190310967,1.0,-0.4563475638429837,19.077155612360496
-0.8803647999713222,-1.0,0.7789185911841621,10.387041026785177
-0.6868636688809124,-1.0,0.20821442163899673,4.769568126057134
1.0,-0.09601875622573197,-1.0,7.607464919650388
-0.1507546867241969,0.37102645820162805,-0.6588849913333377,0.21421170154473992
1.0,0.03402317745790295,-0.556892189917199,6.063505181547953
0.27276145676618135,-1.0,0.43163131986649894,0.9417252726361328
0.4650024963999342,0.1881160683795211,-0.014914048941038205,1.209751507345191
-0.5125063072429747,0.02956177849327357,0.8734766856900835,0.6335302266893359
0.06507845706331383,0.08663449122686484,0.03746834815276601,0.9434813765618189
0.2315896252889642,-0.17089142236393706,0.9039085238048483,-0.39739733404623295
-1.0,0.6765736344287028,-0.7610108596956366,7.667761438800689
1.0,1.0,0.6500970604834981,15.77224799303057
-0.1341829115646922,0.35993594115280514,0.08221500151043815,-0.07257904673954305
-0.4248151759756347,0.6906142837847737,-0.1100850309639978,-0.8024276462156692
-0.6873917011194268,0.6035009065514136,-0.367782230755336,-1.6409661435031135
-0.15637185497755657,1.0,-0.8057191127757035,7.73934778688632
-1.0,0.02672356372423379,-0.9003787029442183,7.0617200041456485
0.48704175452576925,1.0,-1.0,6.766928252524882
-0.822616617587201,-1.0,-1.0,-3.598381358069987
0.8151631949533356,1.0,0.2983324482311074,8.4566997091039
0.1859625762350674,0.3016856337807179,-0.4091681692441209,0.4736800131842048
0.9968136844991127,-0.37655756152271014,-0.5953318559469996,5.356975112827644
-1.0,1.0,-0.08463641073646522,9.122605248325662
0.2513875219183672,-1.0,0.5178408269327706,0.5738420469957873
-0.9752318400506668,0.6363582447480749,0.6574103550727066,-3.997400668578152
0.5241841246378982,-0.4464319149122016,-0.038894022623107594,1.854434110567405
0.8613727473555521,-0.6432825927504093,-0.8701525454704819,-0.8435099279220606
1.0,0.3097072854954377,-0.1436756861558146,5.25095469124497
1.0,-0.29277369393171004,-0.5789382392054656,6.0552287699080205
-0.09542026617560695,1.0,0.2508164049336017,7.31188013940611
0.7857688937944656,-0.1111883774154192,1.0,1.8485458130420733
0.44640297303570886,0.04652141713708291,1.0,-0.12118568846748173
-1.0,-1.0,-0.10887826944623646,6.776543371508425
1.0,-0.039124091361317115,1.0,10.941783228814822
-0.17131160193566886,-1.0,0.07393256281887162,2.7226344846450483
-0.6188209521873136,-0.5070093501830082,0.042791833885547526,0.7153756993260307
-0.18942137473505438,-1.0,-1.0,-16.145302610788395
0.06699915438508652,-0.424273312969069,-0.8440902820236471,-1.9442603776533318
1.0,0.848347914852396,-0.8256895839363325,16.37570836120567
0.5807763465120115,1.0,-0.20344048747358623,9.079397656434054
-0.43521114358092006,0.48035902578578904,1.0,4.530667383287429
-1.0,0.24014450043725,1.0,2.8960125861928265
-0.572409970286343,-1.0,-0.9165741859059353,-7.121316628933136
0.6728827680846259,-1.0,1.0,-6.228671875868262
0.7804175882817268,1.0,-0.9875813684395176,15.583694214978944
0.4029699729749361,-1.0,0.18972097324661297,0.21521766372076295
0.4191336218491588,0.0020758936257043725,1.0,-1.145990108035884
0.4299363046584035,0.4265067497270909,1.0,2.253817603411785
-0.7076178169493788,1.0,-0.19361782784391313,4.990061728084137
-0.6883429257764075,-1.0,1.0,1.998367524088076
-0.760301292043086,-0.23239268163459914,-0.6486356881350981,0.8043849614706792
-0.4993813495850765,-0.7425312440585119,-0.11394504506016756,2.505366995741458
-0.7627575365902184,0.14719139011208227,-0.38012995308897146,-0.1141134546458702
-1.0,0.21128661930673354,-1.0,13.650316909241305
-0.4025618123897936,0.8284470041527165,0.5996109362936741,2.6116014905895146
0.7602834350410956,-0.4256350935987512,0.3554865637557003,1.733159639386863
-0.7039063481472316,0.3135817023665015,-0.12403157361011607,-2.619120491286977
1.0,-0.07178241062214363,0.8208942976031519,9.136955226963822
0.7114531125683918,0.6350533724022018,-0.3927970430023455,1.963818517836379
-0.4745393548816572,0.0035919818954703864,-0.5997282838034046,-0.6011401209158794
0.29534468743592446,-1.0,1.0,-7.972565547574271
0.0317920300771779,-1.0,-0.06252765687473283,3.663230411803379
0.4323113146296067,-0.1937796890482142,-1.0,-3.512055706337516
0.9123750217630409,-1.0,-1.0,-28.928803574979945
-0.9857028522762246,0.016046986174449218,1.0,3.5810419283002424
1.0,-0.8941588759194319,-0.9173289434734428,-9.122714621530214
0.3018851581401827,-0.16021661646769525,-0.23898736900646012,1.5479691059429461
1.0,0.9408217658742184,-0.0088043507219977,11.100218716751051
-1.0,1.0,-1.0,22.261100899752286
-0.4355478936189965,-0.46621749572515325,-0.440191884175146,1.087749228226635
0.4630903756964966,-0.36765094885181515,-0.8798217938291988,-0.7354798990986195
-0.6855125123085823,0.19500547271019286,1.0,2.6064441639958966
-0.47860496578237344,0.7395528242400473,0.2954899741149377,-0.7719587008471773
0.046451077704508625,0.6659974422788608,-0.3295032722156783,1.4950434945334041
1.0,-0.5713969375037549,0.7273200507782667,5.547950486852168
0.41797198759423027,-0.5143052790361626,0.8281794945542305,-0.8093621846661965
0.8386011077036171,0.2806433832229427,0.41329353358491505,3.8564003432590317
0.9879779922003091,0.4282137880079806,1.0,20.623640788586208
0.979668169587234,-0.2883305213394183,0.03583382269223323,4.157017311950328
-0.5572319695132466,-0.3240358554132299,-1.0,-0.48680540356225666
-1.0,-0.13383095876763806,-1.0,9.88353452709603
-0.6280340275690532,-1.0,0.5263657270853426,4.491429710552417
1.0,-0.641880251198629,-1.0,-1.3203530562089456
-0.4935099975779651,-1.0,-0.4587708620449251,1.619322929300079
0.4974504340061583,0.22972538079814986,0.5282519450286325,1.7647109675954868
0.09353132676691622,0.9222543516660464,-0.3517012240067505,5.87088208194821
0.2163041699120356,-0.439951556015473,1.0,-2.7524612464492995
-0.8288362244903449,0.15755166024710854,-0.8932074163174855,3.1424234773009894
-0.13431436177409894,-1.0,-0.23144481534816608,2.396913710240001
-0.8286770175753138,-1.0,-0.1383838386336118,5.89679443358725
-0.10915560310228112,0.6474556071897353,-0.5682683951240126,-0.07912016005272454
-0.8047000913684466,0.11652815864736366,-1.0,5.244608096172617
-0.7508992563215429,-0.20706771630884546,0.8896390407362751,1.3241496891752698
1.0,0.5430770607505937,-0.5883041296015157,5.1779487432598374
-0.6778481854702685,-0.14237469646757184,0.5152288950921744,0.07820632374016584
1.0,0.9087586119751963,0.291817222866787,11.558014095578946
-0.8019582797406006,0.5407088654203425,1.0,5.293673044103499
0.03535471858340644,0.439942684076954,0.6682833432763056,1.119073372962224
0.5281590252294253,-1.0,-1.0,-22.429733623383136
0.35730788016853676,-0.3954691910895727,-0.2115449876397526,1.0799746120422915
-0.45567465036303134,0.2711899477866304,0.92375904909819,0.8082878364824815
0.09368373435157018,-0.5295551916344541,-0.18798115112503444,1.5360878395776711
-0.11945704787061251,1.0,0.17336411120023154,6.802717026316968
0.27450148774572747,0.09120726406523239,1.0,-0.10796175117786339
-1.0,0.273209318090055,-0.19121436464932562,-3.3924049887623844
1.0,-0.39797848646976486,0.4211437850380353,5.110292870354674
-0.10471314272310206,-1.0,0.1175279197960919,3.022994386504305
0.192474606317389,0.9290890270830263,-1.0,0.7598631064008262
-1.0,0.17913516236418703,0.6916123977788324,-2.865703021212398
-0.16818538489945678,0.4886657028373462,-0.8301420263665149,-1.2349108475000956
-1.0,0.754201831552582,-1.0,20.73710221234275
-1.0,1.0,1.0,17.874804577894704
0.8901044111689309,0.1345559041931339,0.4048245302297524,4.902759907712766
0.3671331593364211,-1.0,-1.0,-20.766731883929566
-1.0,-1.0,-0.8448212198770373,2.380915044449891
0.053930991281919916,0.2528482919094597,0.20370434332877752,0.432333856414432
1.0,-0.25598679922834977,-1.0,4.996925266896939
0.024936119708864446,-0.5800107106216901,1.0,-1.5601672658974177
0.7750956493091945,1.0,-0.16235929065019739,10.037091265352476
0.47819700016472155,0.17212268580584777,-0.04622238023817138,1.3841727931613856
-1.0,0.5151155598117518,-0.4981409204101026,0.8415984792208256
-0.017009528494138726,0.1642143562142151,-1.0,-3.4024898903011542
-0.43611529487491296,0.8230813600123565,-0.12609967855926918,0.6900037027124069
0.7290904426858851,0.833467953260159,-1.0,3.6186069570556425
0.3372643775899671,0.6481862219101371,0.9358008600778294,3.8080725123420733
1.0,-0.10077591668928565,-0.8371319103558768,7.987465390708519
0.998649128801447,0.5987740718209362,1.0,23.601033477216223
0.2982677785442289,0.2503064362551193,1.0,1.3446751747299093
0.6683917611971162,0.48974475962061104,-0.25434082176869066,0.7733015091345118
-0.8458789911233344,-1.0,0.843187607529255,9.565439578978605
-1.0,0.47267271224479357,-0.09916728283496279,-3.371884835335358
-0.34889394407895047,1.0,0.9438649296739909,13.231186666620054
0.7596969818583466,0.1380667348645246,0.2764453392584305,2.7187486066150486
0.4124669140446158,-1.0,-0.7314476109471917,-7.729444297031616
-0.018553647327701706,0.565584795324275,1.0,4.69012897097957
1.0,-0.6316206643955049,1.0,3.009942214487456
0.1585920444285911,0.1730102926979642,0.254146260131479,1.107820033950095
-1.0,1.0,0.7425033209060454,2.7254875584645735
-0.9150152717407607,-0.5555097454068676,0.5327934113673691,3.077139134259048
-0.2772902384573013,-1.0,-0.11551609568822196,3.7848120397187635
0.6370720278171791,-0.11109155374002389,1.0,0.5319329409337141
1.0,-1.0,1.0,-9.166945723847427
-1.0,1.0,0.011045247658125312,8.138375104389656
-0.3587463302002043,-1.0,0.6091461420533324,1.8215888572916232
-0.9417434956192672,-1.0,-0.26491018104731046,6.195951466663034
-0.6786365838773263,-0.2830539337530593,-0.6129012239446903,0.9548609504865515
-0.0713845422068975,-1.0,0.17135502816508197,2.5699244303046096
0.5376542049314534,-1.0,0.3478273938859915,-0.09587419886884851
-1.0,-0.7558218041313913,1.0,14.534305992813726
-1.0,0.6011132071069365,-0.08735347479561595,-1.1900635496624057
-0.9578842708012199,1.0,-0.0910182091875682,7.163499867523491
-0.11883029913297594,-0.048058879582189684,0.34470364506692874,0.7807841454813322
-0.06913084216095133,0.690887313299624,0.6100127827521424,1.2531538037846568
-1.0,1.0,1.0,17.866056015512612
0.35668156111844196,-0.17477426813175212,-0.12200929689394813,1.2006087774578438
0.0760040222681313,-0.5061173311486,0.20448070038365773,0.8371659615312244
0.8829113968664091,1.0,0.9969427339350665,18.01277608231777
-1.0,-0.27296675052183383,-1.0,8.071332744716445
-1.0,-0.6324918990110975,0.7717166729194702,6.151611011003495
-1.0,-1.0,-0.7219035395274458,3.6132832973809483
0.1633978642350793,-0.823550859145731,-1.0,-11.505831432181097
0.2644402549220346,0.9300160733446707,-0.04662232952915657,5.786246336564824
0.2905516581468546,0.5140588662447139,0.3128860885087712,0.9879086480871755
0.6877169395383869,-1.0,0.017646558223243014,-2.2041025527976257
-0.1177009194983969,-0.3106973587090085,-0.9052093661679739,-1.095998396758221
0.027856565082458262,0.9340351271537772,-1.0,0.3811727670796424
-1.0,-0.4444038207497063,-0.5463155553071173,-0.8910581500881116
-1.0,1.0,0.0023042589669863833,7.659382476112028
-0.9822564704957288,0.2762543365427941,0.7604948613620179,-3.1956066174930786
0.10749752893608377,0.21044006523223113,0.05696411222269515,0.9101206333898915
-0.084406601655858,-0.84551715075372,0.2674773698180126,1.181254502274257
-0.5804765543608081,0.1502588005855754,-0.7442106669326067,-0.18550803069827507
0.45230390802969134,0.29330250072286734,-0.7894256803815694,0.4126367499744795
-0.009897622141659568,-1.0,1.0,-6.9507458802258455
0.31895795722521636,-0.6049110992761606,-0.7187743659665848,0.0071754440999783065
-1.0,0.6808067861837463,-0.015218727161040002,-0.8281204366485847
-1.0,0.4160896240543006,-0.44089587522781115,-1.0465779715997194
1.0,-1.0,-0.33014249490218917,-10.200524565888024
0.1447704462820827,0.9248310149420091,0.15369249684945108,4.874551667689863
0.7690364134196257,0.21776162573087632,0.43775664178964546,3.545694017275732
1.0,0.05940012879615364,0.36659860623385554,5.701283030427929
-0.13436593748626824,-0.17978731019606142,-0.2054344059890163,-0.03649225036523995
0.9385327469417111,0.15437165582201606,-0.8279045678816628,5.258084875709706
1.0,0.2677658058948038,0.7579512530269041,11.717513348579187
0.01306225865069277,0.004198610016642235,0.53618281021884,0.14031712740360314
-0.789548401714288,-0.16315352762115176,-1.0,4.23016084161584
1.0,-0.21877011014745396,-0.21372081770838736,4.262546613892633
-0.0826496469253295,-0.06593203549587034,0.8828236214435818,-1.3366003592143654
0.17006503886693136,-1.0,-0.5220236192594492,-1.0183118319577864
0.6273552517636551,-0.6500276573855026,-1.0,-9.252306403658634
-0.06895365141487719,-0.5955832593457673,1.0,-1.304956279219227
-0.8802824025162086,0.43153139858078227,-0.09005613740001195,-3.3259950549940043
0.36788181529413255,-1.0,0.18083547221806895,0.8700065267290619
0.11284950176987008,-0.49103815085645053,-0.08916506562961701,0.9889923932759821
-0.7528859387909477,-0.6777026592296125,0.6468840192611396,2.7416970735878445
-0.16411397664606797,-0.30658757878316023,-0.4843810411759273,0.7585567862476632
0.023520608800410736,0.00578908507353848,1.0,0.12162550790558785
1.0,-0.18864587055495696,-0.5105522035738659,4.829287228756803
0.0861595617640607,1.0,-0.5458016145977542,10.78769905502568
-1.0,1.0,-0.5520433607288684,11.483717943522317
-0.989637947138301,0.8663323052028513,-0.9536649609034953,16.013445280599726
0.2851575553628707,-1.0,0.4187672386066814,0.7272369484056288
1.0,0.4062347273917766,-1.0,12.146703673592823
-1.0,1.0,-1.0,21.099856368479184
1.0,0.8660264087148422,0.7047569807772212,15.415191776065727
0.3352339721551201,-0.669318557462262,-0.6672688304814032,-0.04370370714805827
-0.6718869622284649,0.6065769879143785,1.0,5.657386223021121
-0.189439347044279,1.0,0.75873758239134,9.521890136216497
-1.0,-0.17412095016460527,-1.0,8.774070228274669
-0.06321440381857313,-0.2701673613242499,0.5844968913541702,0.07747911287076475
0.3647379584654198,0.7898246014528962,0.5429777283595103,2.794209701976911
-1.0,-0.34356014979691385,0.3424140931104529,-2.3733664684368523
1.0,1.0,1.0,24.995259921507852
0.4206503831905495,0.6439993213694895,-1.0,-3.0838359595997455
-0.9572543215964775,0.8378836607097513,0.08407742231536997,0.6420919736912958
0.34619492747577674,-0.30604777614457457,-0.1863303323723835,0.9857464983867161
1.0,1.0,-0.344400387047336,18.09369829028773
0.3934772119952423,-0.05951024063114563,1.0,-1.1259892803149567
0.5506928458337306,-1.0,-0.5908559925313039,-4.554537382070469
0.7024394512566636,0.08284452016242705,0.9810473367614307,2.6574594575460844
0.7630630438547019,-0.6309634385405718,0.2160435588619447,1.0919886264303267
-0.2851167085659825,-1.0,-0.0064303695600052,3.1261105262413054
0.18483300007143333,0.48262195985070977,-0.9954930831997524,-3.4076036501796367
0.43236647539139916,-0.42607525822459236,-0.5906185490612548,1.2925411600155274
1.0,0.5382143159426815,-0.08717002223628345,6.53421803355793
0.7438015469846027,0.004872650192633721,1.0,2.4281347297741074
-0.6671768009495229,0.18796015201843286,-0.15567371580074219,-0.9682896222266427
0.9084601522460967,0.5628043657476842,-1.0,5.911428901995894
-0.039407546297498985,-1.0,0.555627158371361,1.9722434992729272
1.0,0.5968661994278628,-0.728336618975737,7.435343449071594
-1.0,0.8216131784719711,-0.9084430238512,14.89909170539469
0.16257876340828536,0.7389346482703365,0.931801064239909,4.846340714595575
0.11389930816394078,0.4416924094870949,-0.0002884919966625876,0.04007197010825958
-0.8442957894678291,1.0,0.00653376114189097,4.801956270506355
0.007546167591368613,1.0,0.6596679094728071,8.721882231204104
0.24333953617006276,0.8441765238004955,1.0,7.126431313540208
1.0,-0.5322981086139058,0.8069513578513401,6.409932567448649
0.36221956383384124,0.328606692000301,-1.0,-3.5954169907104263
-0.42912683545586994,0.12919858910099924,-1.0,-2.1396522249110426
0.9508896068876038,-0.17604159413836595,-1.0,4.204894174545987
-0.7468403488398752,0.8848856097564637,0.9199370089560306,7.668934542579454
-0.09768300987016199,-0.8516912926594731,0.038667221351459835,2.6256890642006123
0.4977607415115859,0.13853830068718676,0.4379732208899494,0.9060700490365172
-0.024519504544129322,0.9773706596109415,-0.10882138284047427,6.942221339680688
0.6168743800865801,-1.0,0.5044563046234829,-0.7198129976607421
-1.0,-0.4325984044139439,0.06459087378574369,-2.1341639821033267
0.6560380002960249,-0.8564544993103167,1.0,-5.819195227289192
-1.0,0.16068121165705151,1.0,2.79080250923215
-0.09027944535376964,1.0,-0.837932599887727,7.175345455793847
1.0,-0.3918521781993405,0.06117110878052401,3.7867076107651108
-0.5700102428609173,-0.1510126113078103,0.9532971827279635,1.2798165738183658
0.29223005013635084,0.5760501056339162,-1.0,-3.7305955608416785
-0.5940393575690364,0.2972140132658314,-1.0,-1.1252386029046955
-0.06741427837309466,0.11897711598343585,-1.0,-2.394428155001659
-0.8475691015946509,-0.13667501758973644,-0.059228134213648254,-2.0852578100319676
-0.08884062675700988,0.0896705576932193,0.03375127544236278,-0.6039685959335717
-0.37577189046738724,1.0,1.0,15.576627718405351
-0.29646089450873614,-0.8117154276923582,-1.0,-7.6772327798625115
-0.7913411976974976,-0.23534578862533562,0.37203973784097943,-0.23021755793002513
-0.6020944742014016,-0.3953350405193474,-0.06819133608144212,0.6508583232523802
1.0,-0.7454900776031923,0.10079794003722031,1.2788857688030295
-0.9137463600644331,1.0,-1.0,11.096770771224858
-1.0,-0.30908121445461356,-1.0,6.5793643912749555
0.2921130203806872,0.5274759561101316,0.5659903089471594,1.3522945643898279
0.6624198245055257,-0.1722961157902887,-0.11793687945470044,0.6714174300540263
0.7301126893874765,-0.5944959118674462,-0.3222277067648629,1.1547887394854945
-0.1368362093545754,0.17957824091934405,-1.0,-3.038785542103518
-0.48598365874135596,-0.44813524361077794,-0.653150825504305,1.1009705362281208
-1.0,-1.0,0.004950372265344116,7.472140390532076
0.0905924844989141,-0.21881811386625283,-0.08401549541471853,1.5313273031567123
-1.0,0.1728000209544851,1.0,3.6158500034957295
-0.477323602090594,0.9325709857555378,-0.37834323927676694,2.7668264432447303
-0.6907228512183647,-0.15718650261456735,-0.005465480766217334,-1.210401433782596
-0.4493387620676572,0.04401970969508917,0.47867252686962414,-0.25993396978075495
-1.0,0.19967840636224254,0.578175782819716,-3.9891425678882984
-0.8483657099055377,0.849441264507574,0.22265590752816777,-1.3296515323606959
-0.3020232679092365,1.0,-0.6424069804906354,7.58453853273741
-0.7357129005313312,0.4870684797297584,-1.0,1.7693131015632182
-0.8002030528378614,-0.11170267949081647,1.0,3.6824034538951365
0.9555202284809798,0.6246614768314798,-0.20760080234027223,5.909616571292685
-0.6895330820427472,-0.29211931432619975,-0.24304058643178394,0.2612540314200056
-0.5459644248658846,-0.47676601638421023,0.2398180320513339,-0.30363792070338436
0.419554272620019,-0.01533752671571742,0.856742128937156,-0.31949889062562087
-1.0,0.8222263232129305,-0.1432611836047064,2.570500245511207
0.1574195626708903,0.3085181774310819,0.6965317398227775,0.7601346006822878
0.31832017035169735,-0.9691022853422642,0.4858127036477615,1.0786837117604895
