features,feature_count,degree,alpha,lasso_alpha,estimator,polynomial_terms,cv_mse_mean,cv_mse_std,cv_r2_mean,cv_r2_std,problem
"x1,x2,x3,x4,x5,x6",6,5,0.1,0.03,Lasso+Ridge,461,0.3082384929390647,0.03693260880386016,0.9714409608784559,0.002522971230124244,var1
"x1,x2,x3,x4,x5,x6",6,5,1.0,0.03,Lasso+Ridge,461,0.3089696845475908,0.03770026730123631,0.9713762756138855,0.0025716108449555606,var1
"x1,x2,x3,x4,x5,x6",6,5,10.0,0.03,Lasso+Ridge,461,0.320162317672184,0.04378787112622693,0.9703583222420182,0.0030144445263734104,var1
"x1,x2,x3,x4,x5,x6",6,5,0.1,0.01,Lasso+Ridge,461,0.3234526946044577,0.03977255719213735,0.969999129799274,0.003185041463340662,var1
"x1,x2,x3,x4,x5,x6",6,5,1.0,0.01,Lasso+Ridge,461,0.3236776559554438,0.04053969608203608,0.9699790321184656,0.003256485829921759,var1
"x1,x2,x3,x4,x5,x6",6,5,10.0,0.01,Lasso+Ridge,461,0.3339429060381246,0.04603293154596704,0.9690382660154725,0.0036865629400396624,var1
"x1,x2,x3,x4,x5,x6",6,5,30.0,0.03,Lasso+Ridge,461,0.35452811905766124,0.05116882116892668,0.9671799508148261,0.0036521054922751244,var1
"x1,x2,x3,x4,x5,x6",6,5,10.0,0.003,Lasso+Ridge,461,0.36420841271753435,0.0467739032025651,0.9661966866937926,0.004018979855690041,var1
"x1,x2,x3,x4,x5,x6",6,5,1.0,0.003,Lasso+Ridge,461,0.3668682201194787,0.030003870702222043,0.9659001177486768,0.0030497773063684784,var1
"x1,x2,x3,x4,x5,x6",6,5,30.0,0.01,Lasso+Ridge,461,0.3704415900122985,0.052715128860032656,0.9656697547163459,0.004129458013794633,var1
"x1,x2,x3,x4,x5,x6",6,5,0.1,0.003,Lasso+Ridge,461,0.3715314695332088,0.02751820961262211,0.9654593889873944,0.0029583838134256447,var1
"x1,x2,x3,x4,x5,x6",6,5,30.0,0.003,Lasso+Ridge,461,0.39717213648124733,0.06021477425192833,0.9631619076917399,0.005066691513514941,var1
