features,feature_count,degree,alpha,estimator,polynomial_terms,cv_mse_mean,cv_mse_std,cv_r2_mean,cv_r2_std,problem
"x1,x2,x3,x4,x5,x6",6,4,0.0,OLS,209,0.7725219810691929,0.15285641075907166,0.9277746048111852,0.017113344861646382,var1
"x1,x2,x3,x4,x5,x6",6,3,0.0,OLS,83,0.9504671315738143,0.033250915539259185,0.9116096934405492,0.005605679098721772,var1
"x1,x2,x3,x4,x5,x6",6,5,0.0,OLS,461,1.0671104733113386,0.060876060645475405,0.9005911576766564,0.010316268070183083,var1
"x1,x2,x3,x5,x6",5,3,0.0,OLS,55,1.8293546915423604,0.20114228553493035,0.830499729210284,0.012053134463445175,var1
"x1,x2,x3,x5,x6",5,4,0.0,OLS,125,1.8329338146555425,0.13591562031851545,0.8298557647201035,0.010820079826797033,var1
"x1,x2,x3,x5,x6",5,5,0.0,OLS,251,1.9874854301979656,0.2472010893403024,0.8153221652584601,0.02391185686651108,var1
"x1,x3,x4,x5,x6",5,3,0.0,OLS,55,3.1723193119353916,0.28103840193809376,0.7054860460678075,0.023648821076646225,var1
"x1,x3,x4,x5,x6",5,4,0.0,OLS,125,3.2137182938106337,0.263411266413829,0.7008773788148707,0.032858900329321115,var1
"x1,x2,x3,x4,x5,x6",6,2,0.0,OLS,27,3.3532985237181334,0.37113396714489,0.6877049690720408,0.04250210693848376,var1
"x1,x2,x3,x5,x6",5,2,0.0,OLS,20,3.3767472218098993,0.3537135034615144,0.6854377332857275,0.0421187119455537,var1
"x2,x3,x4,x5,x6",5,3,0.0,OLS,55,3.4621927296534167,0.3087940572323349,0.6780550745552336,0.03245794231353778,var1
"x2,x3,x4,x5,x6",5,4,0.0,OLS,125,3.6797498485005633,0.24626927909295396,0.6580532180428253,0.024888043182043275,var1
"x1,x3,x5,x6",4,4,0.0,OLS,69,3.7057960063176836,0.21089309112445997,0.6546930805612006,0.03661892430407195,var1
"x1,x3,x5,x6",4,3,0.0,OLS,34,3.7094002639514327,0.20364902705977506,0.6547964670502806,0.030042929127758543,var1
"x1,x3,x5,x6",4,5,0.0,OLS,125,3.7975186519340354,0.27409124315025146,0.6458656651862309,0.04444043523149163,var1
"x1,x2,x3,x4,x6",5,3,0.0,OLS,55,3.927354977533091,0.34094867345547214,0.6356931690056007,0.02384427994158524,var1
"x1,x2,x4,x5,x6",5,3,0.0,OLS,55,4.017601518321177,0.3779641365446615,0.6274266312469532,0.025424503793485462,var1
"x2,x3,x5,x6",4,3,0.0,OLS,34,4.109121277555977,0.2523349118190932,0.618756427856691,0.011956763385051269,var1
"x1,x2,x4,x5,x6",5,4,0.0,OLS,125,4.13160298918741,0.2919842665404725,0.6164055417438595,0.02357776912862676,var1
"x1,x3,x4,x5,x6",5,5,0.0,OLS,251,4.157133509382204,0.5202997928739762,0.6149610621002839,0.03399969371850086,var1
"x1,x2,x3,x4,x6",5,4,0.0,OLS,125,4.264954775840737,0.5475346998941636,0.6040331996297245,0.050142483285354006,var1
"x2,x3,x5,x6",4,4,0.0,OLS,69,4.307458767349665,0.4580742441587547,0.6009572243868297,0.026926042558620057,var1
"x1,x2,x3,x6",4,3,0.0,OLS,34,4.330590661740322,0.24146351345944858,0.597844421047933,0.020711292727730708,var1
"x1,x2,x3,x6",4,4,0.0,OLS,69,4.402147769433248,0.33207716584346747,0.5910415921817391,0.03281414333107251,var1
"x1,x2,x3,x6",4,5,0.0,OLS,125,4.414069506761573,0.40972130558533204,0.5892322967828132,0.04894686132694246,var1
"x2,x3,x4,x6",4,3,0.0,OLS,34,4.435670558722665,0.25299715269890094,0.5879625661978494,0.024572795880436593,var1
"x2,x3,x4,x6",4,4,0.0,OLS,69,4.497475807798333,0.4164063964940709,0.5816444252784493,0.047455506490019346,var1
"x1,x3,x4,x5,x6",5,2,0.0,OLS,20,4.569361764546613,0.5174147847697878,0.5748822367101456,0.05483036190144324,var1
"x1,x2,x3,x4,x5",5,3,0.0,OLS,55,4.743941163575445,0.2574185426329061,0.5597976055275705,0.010036448312294725,var1
"x1,x3,x5,x6",4,2,0.0,OLS,14,4.745291633297062,0.42262038506085225,0.558491613094904,0.04816275494853658,var1
"x2,x3,x6",3,4,0.0,OLS,34,4.805028028555425,0.2651023671475433,0.553332448089867,0.032503857959142395,var1
"x2,x3,x6",3,3,0.0,OLS,19,4.825026658735615,0.2225190858963009,0.5515370044999266,0.02799660915314783,var1
"x2,x3,x6",3,5,0.0,OLS,55,4.871055100271876,0.4296051499694233,0.5474359981395803,0.04254491952640773,var1
"x2,x3,x5,x6",4,5,0.0,OLS,125,4.875233273821617,0.6929046856493651,0.5482975297066662,0.051521889641870315,var1
"x1,x2,x5,x6",4,3,0.0,OLS,34,4.946147120248929,0.6606553066037658,0.5419571839021178,0.0452617492484126,var1
"x2,x3,x4,x6",4,5,0.0,OLS,125,4.965105013677031,0.7350229424240592,0.5397911239773577,0.05953083304108851,var1
"x1,x2,x3,x4,x5",5,4,0.0,OLS,125,5.063347945754796,0.41784686925516357,0.52985779711107,0.03642288754836231,var1
"x1,x3,x5,x6",4,6,0.0,OLS,209,5.10889178904957,0.4883723285432981,0.5241082645434132,0.05796804440608555,var1
"x1,x2,x5,x6",4,4,0.0,OLS,69,5.148232385368195,0.6126814491556488,0.5218493656305431,0.056565814608689924,var1
"x2,x3,x6",3,6,0.0,OLS,83,5.158711878667915,0.41234841311449427,0.5207611807434793,0.040604421972438604,var1
"x2,x3,x4,x5,x6",5,5,0.0,OLS,251,5.182704758267532,1.0231160102969408,0.5202380562807566,0.08237346058530153,var1
"x2,x3,x5,x6",4,2,0.0,OLS,14,5.255481853802699,0.20760242060955392,0.5110426539142043,0.03619658441793396,var1
"x3,x4,x5,x6",4,3,0.0,OLS,34,5.256989458423725,0.5012428246091899,0.5122765078498386,0.03859958595974385,var1
"x2,x3,x4,x5,x6",5,2,0.0,OLS,20,5.262507176673824,0.2399329985115346,0.5103770530359073,0.037831074598589934,var1
"x1,x2,x3,x5",4,3,0.0,OLS,34,5.299927691110625,0.4192703856078392,0.5080882177495617,0.03250470333403247,var1
"x1,x4,x5,x6",4,4,0.0,OLS,69,5.343365755844951,0.3789624992281431,0.5022768234775807,0.05459591407827233,var1
"x1,x4,x5,x6",4,3,0.0,OLS,34,5.381734275905147,0.34809157002081353,0.499312934741059,0.04509862773716887,var1
"x2,x3,x6",3,7,0.0,OLS,119,5.423358980918546,0.435901212743953,0.4957810624191413,0.04892737349697613,var1
"x1,x2,x3,x6",4,2,0.0,OLS,14,5.4727123478063975,0.34323697071506476,0.4907520356759891,0.046483881453916014,var1
"x1,x2,x3,x4,x6",5,2,0.0,OLS,20,5.490790236854156,0.37510304983703807,0.4893238861178494,0.04511539565155891,var1
"x1,x2,x3,x6",4,6,0.0,OLS,209,5.499393172951358,0.7483510694593496,0.488421840421266,0.07699630763562773,var1
"x1,x2,x3,x4,x6",5,5,0.0,OLS,251,5.5647340206132485,0.7966787180915865,0.4837939510127338,0.06522923177798845,var1
"x1,x2,x3,x5",4,4,0.0,OLS,69,5.614654795014121,0.5241086168880851,0.4781190791487557,0.05517217581784467,var1
"x3,x5,x6",3,3,0.0,OLS,19,5.668334582153752,0.324257956090603,0.4731418740323375,0.03671591614886742,var1
"x3,x4,x5,x6",4,4,0.0,OLS,69,5.715631767064982,0.5854305851192152,0.4702555199570301,0.03847709779054534,var1
"x1,x4,x5,x6",4,5,0.0,OLS,125,5.823933057951065,0.46161736905209366,0.45829380946322174,0.053347213658672454,var1
"x1,x2,x3,x5",4,5,0.0,OLS,125,5.826094252995152,0.5393748436419347,0.458918241723573,0.04976803079574238,var1
"x1,x2,x4,x5,x6",5,2,0.0,OLS,20,5.830028862368943,0.32590901174499975,0.45867738439869754,0.02605537317751112,var1
"x1,x5,x6",3,4,0.0,OLS,34,5.845844784163034,0.35973196867788443,0.4550928584578303,0.06220171842167402,var1
"x1,x2,x3,x4,x5",5,2,0.0,OLS,20,5.885352716852642,0.3121816265584952,0.4526246592022566,0.043150172681086736,var1
"x1,x5,x6",3,3,0.0,OLS,19,5.886530794941896,0.21520377958891798,0.4521208748558071,0.044154678896055656,var1
"x1,x2,x3,x5",4,2,0.0,OLS,14,5.891139969624741,0.30282811695943834,0.45224199960984546,0.03997208507581468,var1
"x3,x5,x6",3,4,0.0,OLS,34,5.8972988926896726,0.3582441068246883,0.45221580105047876,0.034067587751301254,var1
"x2,x3,x6",3,2,0.0,OLS,9,5.905250961309681,0.16183839224883168,0.45066274419752544,0.03692690326921902,var1
"x1,x3,x4,x6",4,3,0.0,OLS,34,5.907658271861127,0.5369535673216965,0.45204737094335784,0.03719960005213026,var1
"x1,x2,x5,x6",4,5,0.0,OLS,125,5.931601642323145,1.0280935662043342,0.4499549783810938,0.08844139486216805,var1
"x2,x3,x4,x6",4,2,0.0,OLS,14,5.945446162463734,0.14562669500356035,0.4470178803780997,0.034615144223604184,var1
"x1,x5,x6",3,5,0.0,OLS,55,5.992400845320157,0.4262269664908666,0.44126196765799613,0.06861125781392509,var1
"x3,x5,x6",3,5,0.0,OLS,55,6.005275008323818,0.316211592692834,0.4416612117036685,0.04018093491263678,var1
"x1,x2,x5,x6",4,2,0.0,OLS,14,6.0116367300665505,0.4258819027411438,0.4420258219410096,0.031638303181312735,var1
"x2,x3,x6",3,8,0.0,OLS,164,6.0334483049740255,0.6839515731088812,0.4402282515365653,0.055901285755197615,var1
"x1,x3,x6",3,5,0.0,OLS,55,6.051345331567447,0.3305316536008311,0.4376247799755356,0.03751442018461247,var1
"x1,x3,x4,x6",4,4,0.0,OLS,69,6.087174858866881,0.40526722101688806,0.43492798639753694,0.030852667843826273,var1
"x1,x3,x6",3,4,0.0,OLS,34,6.0971214212033775,0.40377488553172275,0.4336410817777369,0.038451200218858145,var1
"x1,x3,x6",3,3,0.0,OLS,19,6.106870463507574,0.40281514505553745,0.4327517025986377,0.037956100139422806,var1
"x2,x3,x5,x6",4,6,0.0,OLS,209,6.114124099307283,1.0184533881357511,0.4340354879988554,0.07584334114266032,var1
"x3,x4,x6",3,3,0.0,OLS,19,6.208418444319942,0.5161009209519768,0.42426497904188876,0.030177611589487292,var1
"x1,x3,x4,x5",4,3,0.0,OLS,34,6.227680601068888,0.4025123137365652,0.4204440009638281,0.05490194150608546,var1
"x1,x5,x6",3,6,0.0,OLS,83,6.251356965108327,0.4979703192829783,0.41677149446549605,0.07784624865772566,var1
"x1,x3,x6",3,6,0.0,OLS,83,6.283373270158459,0.2053332957214382,0.4157704981616323,0.03587501451006361,var1
"x1,x4,x5,x6",4,2,0.0,OLS,14,6.285178096908684,0.42524699906203156,0.4157805700841378,0.046548683595216786,var1
"x2,x3,x4,x6",4,6,0.0,OLS,209,6.3043934565475395,1.1346098937983633,0.41472901430747855,0.10555397918123485,var1
"x3,x4,x5,x6",4,2,0.0,OLS,14,6.31966024794502,0.3358975188399619,0.41237058572739144,0.04315457634243543,var1
"x3,x5,x6",3,6,0.0,OLS,83,6.344139522531683,0.3938632332326318,0.41062489399934954,0.03935133878523417,var1
"x1,x2,x4,x5",4,3,0.0,OLS,34,6.354851203427522,0.6066060426863569,0.4107750255065543,0.04019823528167201,var1
"x1,x2,x4,x5",4,4,0.0,OLS,69,6.362436791770105,0.48257050439829985,0.40971449390409476,0.03210316151416387,var1
"x1,x5,x6",3,2,0.0,OLS,9,6.364871690584405,0.44934339500529735,0.4085729974441617,0.04537905120908711,var1
"x3,x4,x6",3,4,0.0,OLS,34,6.396059356305832,0.5877424390633259,0.407208070696337,0.031825701094579786,var1
"x1,x3,x4,x5",4,4,0.0,OLS,69,6.432544127407422,0.3837943185137984,0.40180199690323254,0.047832785364386676,var1
"x3,x6",2,3,0.0,OLS,9,6.435000231347398,0.3281393250937313,0.4022271936855673,0.03213252869798476,var1
"x3,x5,x6",3,2,0.0,OLS,9,6.454725299042283,0.26690455199399593,0.39959232920994187,0.04368648893723347,var1
"x3,x4,x5,x6",4,5,0.0,OLS,125,6.476850562447446,0.9783305444730682,0.40099016240938024,0.06600109605706779,var1
"x3,x6",2,5,0.0,OLS,20,6.505753523661353,0.3954446794499786,0.39571974012988875,0.03725777356967644,var1
"x3,x6",2,4,0.0,OLS,14,6.506862797515157,0.3483083761912174,0.39564334067955453,0.03197097565051469,var1
"x3,x6",2,7,0.0,OLS,35,6.547083870825477,0.45114141765705246,0.3919496589294848,0.041204798513761874,var1
"x3,x6",2,6,0.0,OLS,27,6.575152596476232,0.4076061815583995,0.3889312494228939,0.04469176173839815,var1
"x3,x4,x6",3,5,0.0,OLS,55,6.578127959083886,0.8188513054451079,0.39103775619815234,0.04936757441803423,var1
"x1,x5,x6",3,7,0.0,OLS,119,6.6076354138833056,0.5864691581957688,0.38329176208019844,0.08685324339021969,var1
"x2,x4,x5,x6",4,3,0.0,OLS,34,6.616791717307244,0.5718390626550728,0.3869066690111357,0.02267724384871383,var1
"x3,x6",2,8,0.0,OLS,44,6.638758015761672,0.4744786280185244,0.3835270557700545,0.041308357248350525,var1
"x1,x3,x6",3,7,0.0,OLS,119,6.6707539621651835,0.2041472125927955,0.37977260086011544,0.035418616275360554,var1
"x1,x3,x5",3,3,0.0,OLS,19,6.67454862531086,0.36099541828103376,0.37835029762027506,0.0613551899385055,var1
"x3,x4,x6",3,6,0.0,OLS,83,6.6811562825203055,0.8091791515877406,0.3810939209126362,0.05436165880398867,var1
"x3,x5,x6",3,7,0.0,OLS,119,6.683729455363574,0.2480389436628851,0.37912902790711905,0.0248787804002659,var1
"x1,x3,x4,x6",4,2,0.0,OLS,14,6.700209199598566,0.3954316053880636,0.3776961966137778,0.03520188424008277,var1
"x3,x6",2,9,0.0,OLS,54,6.704247131311149,0.38685695245260443,0.3772765231385077,0.03607480628258566,var1
"x1,x2,x4,x5,x6",5,5,0.0,OLS,251,6.733559180925029,1.5769967880403517,0.3789907189552787,0.11312525051911239,var1
"x1,x3,x5",3,4,0.0,OLS,34,6.768883997019998,0.2817481656659745,0.3694520543617756,0.05887186620752215,var1
"x1,x3,x4,x5",4,2,0.0,OLS,14,6.799340816602802,0.585092876933505,0.36651437577622203,0.07758208373911982,var1
"x3,x6",2,10,0.0,OLS,65,6.825932305847064,0.23436247681654246,0.36545885135840944,0.035667874916352565,var1
"x1,x3,x6",3,2,0.0,OLS,9,6.838369382653677,0.30852283552838033,0.36470990718680146,0.031347315804135044,var1
"x2,x4,x5,x6",4,4,0.0,OLS,69,6.842932827849941,0.5605548873117472,0.36586788810016313,0.019748408085066553,var1
"x1,x3,x5",3,5,0.0,OLS,55,6.866771644374116,0.28910640101380414,0.36019291359902506,0.0620925608063018,var1
"x1,x2,x3,x5",4,6,0.0,OLS,209,6.869206304956284,0.6556844074830107,0.36325885860157114,0.0386042858990353,var1
"x2,x3,x4,x5",4,3,0.0,OLS,34,6.877236592766904,0.5976836851160411,0.36182693603195853,0.046560109205985196,var1
"x1,x3,x5",3,2,0.0,OLS,9,6.980282055796765,0.5380580018566608,0.3499110835444248,0.07277458653507429,var1
"x2,x3,x4,x5",4,4,0.0,OLS,69,6.983296049619737,0.7535895355050174,0.3507884159926036,0.07842509803057231,var1
"x1,x2,x5",3,3,0.0,OLS,19,6.9840580077612575,0.7753441392088082,0.35209737631617816,0.061478620997557264,var1
"x1,x2,x4,x6",4,3,0.0,OLS,34,6.986625834275006,0.6977298472412967,0.35181315066084345,0.05361052428827009,var1
"x1,x3,x4,x6",4,5,0.0,OLS,125,7.0176286231277825,1.4253447897797609,0.3522666941165851,0.09789269900968148,var1
"x2,x4,x5,x6",4,5,0.0,OLS,125,7.034929193593203,0.7071922844948894,0.3482328976874098,0.04078444938525865,var1
"x3,x4,x6",3,2,0.0,OLS,9,7.048273733479556,0.30370473773463114,0.3454722673076235,0.023118792658842997,var1
"x1,x2,x5",3,4,0.0,OLS,34,7.0821019222568395,0.6991638071925229,0.3425845788922605,0.05953743365419744,var1
"x2,x3,x6",3,9,0.0,OLS,219,7.122799792753791,0.720691014140228,0.33989403636480897,0.0458135737268971,var1
"x3,x6",2,2,0.0,OLS,5,7.152156798182742,0.235211594729301,0.3355293846848601,0.026835923135978573,var1
"x1,x3,x4,x5",4,5,0.0,OLS,125,7.2523856942791785,0.8588892718365971,0.32749730311795844,0.06466946283474313,var1
"x1,x2,x3,x4,x5",5,5,0.0,OLS,251,7.2605829991849875,0.7391082027460948,0.3259976310947608,0.06203947033783296,var1
"x2,x3,x5",3,3,0.0,OLS,19,7.281915479334536,0.7713649908060345,0.3246177889496556,0.05908231565194233,var1
"x1,x3,x5,x6",4,7,0.0,OLS,329,7.292960104291223,0.714440539726952,0.3230048123895813,0.06157470573792994,var1
"x1,x5,x6",3,8,0.0,OLS,164,7.300425716552473,0.5870378605651937,0.31922525009420355,0.08880713944703272,var1
"x1,x3,x5",3,6,0.0,OLS,83,7.320406353958061,0.4242520008786032,0.31818583036138237,0.06782791360477482,var1
"x1,x4,x5",3,3,0.0,OLS,19,7.33286072883061,0.6027798793478851,0.31773373831867535,0.0715271117754495,var1
"x3,x4,x5,x6",4,6,0.0,OLS,209,7.363542983821508,1.9946704294476638,0.32147801082284305,0.15175723257192555,var1
"x2,x3,x5",3,4,0.0,OLS,34,7.372941511269903,0.9655815274101193,0.3161802596336972,0.0806853283367631,var1
"x3,x4,x6",3,7,0.0,OLS,119,7.375869595111929,1.213463880445816,0.3168611334398585,0.09583238447486912,var1
"x1,x2,x5",3,5,0.0,OLS,55,7.376564154988671,0.7743378205564805,0.3155854237920896,0.062055569397652645,var1
"x1,x4,x5",3,4,0.0,OLS,34,7.391070180346334,0.5631960263295847,0.31256635049714765,0.06518721038382064,var1
"x1,x3,x6",3,8,0.0,OLS,164,7.394592066818942,0.4176096154459236,0.3108944186994895,0.0723262477002059,var1
"x1,x2,x4,x6",4,4,0.0,OLS,69,7.394906508694595,0.7320634542363477,0.3125993928259264,0.07473970092912158,var1
"x1,x2,x5,x6",4,6,0.0,OLS,209,7.515777942070072,1.5470196152490387,0.30294499460710006,0.13535343553147486,var1
"x2,x3,x5",3,5,0.0,OLS,55,7.5640475839400665,0.9567908563022508,0.29773830439680044,0.0878873173166053,var1
"x1,x2,x4,x5",4,5,0.0,OLS,125,7.569737674523212,0.6975819354853903,0.2980447696302252,0.04577640586000727,var1
"x1,x2,x4,x5",4,2,0.0,OLS,14,7.582237086835815,0.5296752966452333,0.29577513966616176,0.04818721533281237,var1
"x2,x4,x6",3,3,0.0,OLS,19,7.5836459566106385,0.7706841089360025,0.2974283402600818,0.04222290894010054,var1
"x1,x4,x5",3,5,0.0,OLS,55,7.592337820710746,0.5035150785492184,0.29403680725563897,0.05885259047546373,var1
"x2,x3,x5",3,2,0.0,OLS,9,7.592483814674085,0.5089670130708064,0.2942312385885272,0.05793475120775453,var1
"x2,x4,x6",3,4,0.0,OLS,34,7.627984453855147,0.6681409803309447,0.29278422897003786,0.037938995221937936,var1
"x1,x3,x4,x6",4,6,0.0,OLS,209,7.637189434392575,1.8720446919455047,0.2956141130949116,0.13766034906340335,var1
"x2,x3,x4,x5",4,2,0.0,OLS,14,7.6388473800925425,0.4982338403347495,0.2897684192825315,0.05954260190236668,var1
"x1,x2,x5",3,2,0.0,OLS,9,7.664721752899387,0.5622376828504742,0.28806015898847165,0.05207866761192251,var1
"x2,x4,x6",3,5,0.0,OLS,55,7.708783928838303,0.931666353598707,0.2861947182713077,0.05728721244679454,var1
"x1,x2,x6",3,3,0.0,OLS,19,7.747157763396885,0.7024264979143191,0.2815255310083531,0.04549510762266021,var1
"x1,x5",2,3,0.0,OLS,9,7.7545890440379655,0.5171977563311628,0.277954430976933,0.07416397414918705,var1
"x1,x4,x5,x6",4,6,0.0,OLS,209,7.765115377122584,1.0441937323550643,0.2799678154286146,0.0807248382135168,var1
"x4,x5,x6",3,3,0.0,OLS,19,7.805279868429357,0.20613275316177218,0.27477645450740806,0.02793582279211747,var1
"x1,x5",2,4,0.0,OLS,14,7.833870163528127,0.48878188543275686,0.2706116747226059,0.07226599554628729,var1
"x3,x5,x6",3,8,0.0,OLS,164,7.841388188122569,1.209677609174394,0.27223875026801936,0.10976433707117063,var1
"x2,x5,x6",3,3,0.0,OLS,19,7.8685664095730985,0.5273186184461388,0.26945704011092697,0.04096636510970371,var1
"x1,x5",2,5,0.0,OLS,20,7.89229438256392,0.4375314301987327,0.26506038469669607,0.07078558101274922,var1
"x4,x5,x6",3,4,0.0,OLS,34,7.927527271351986,0.32248868407879616,0.2637446790558906,0.02700410732053129,var1
"x1,x5",2,6,0.0,OLS,27,7.929260698621093,0.5172928360432041,0.26130273024807504,0.07875062968432464,var1
"x2,x3,x5",3,6,0.0,OLS,83,7.9416737077523765,1.095000821342527,0.26284712728440424,0.09930774768829659,var1
"x1,x4,x5",3,2,0.0,OLS,9,7.94964933926842,0.557034196160686,0.26018628630259755,0.07254583281268065,var1
"x2,x4,x6",3,6,0.0,OLS,83,7.958273051704651,0.8914828688580121,0.2614284061995994,0.07528762032032135,var1
"x2,x5,x6",3,4,0.0,OLS,34,7.9718907801536405,0.5256420569657763,0.25970461482806584,0.04455658821836288,var1
"x1,x2,x6",3,4,0.0,OLS,34,7.984789020278576,0.741747461574214,0.258654112800026,0.06420871841088979,var1
"x1,x2,x5",3,6,0.0,OLS,83,7.987986125794313,0.9836310552809259,0.25987271750938623,0.06973132189437546,var1
"x1,x5",2,7,0.0,OLS,35,8.009941325709693,0.5889420629972307,0.2536024346854717,0.08502301579864545,var1
"x1,x2,x3,x5,x6",5,6,0.0,OLS,461,8.011573236455456,3.422047692930188,0.25626640471249834,0.3207444051486059,var1
"x2,x3,x4,x5",4,5,0.0,OLS,125,8.020872880263282,0.85387667156918,0.25539299741876986,0.07549166863231163,var1
"x1,x5",2,2,0.0,OLS,5,8.027434307746073,0.5615126346903099,0.2530512335909846,0.07164463754930883,var1
"x4,x5,x6",3,5,0.0,OLS,55,8.041403136620726,0.49163057636753954,0.25332968529097266,0.0401834397223088,var1
"x1,x5",2,8,0.0,OLS,44,8.064625736892513,0.5870481666935599,0.24845260395313495,0.08617915020962337,var1
"x3,x4,x5",3,3,0.0,OLS,19,8.073106099110214,0.6311762175496842,0.2500343381152509,0.060537095289031145,var1
"x1,x5",2,9,0.0,OLS,54,8.079469463587927,0.6342476452510055,0.2472987370218503,0.08573731108309689,var1
"x2,x4,x5,x6",4,2,0.0,OLS,14,8.08865371110059,0.3193092832232973,0.2488132554503107,0.02524830419181641,var1
"x1,x3,x5",3,7,0.0,OLS,119,8.10506624752325,0.7748017902486316,0.2457564498108522,0.08677157444824608,var1
"x1,x4,x5",3,6,0.0,OLS,83,8.137536952276827,0.6441987407289088,0.2444490701846959,0.05412782644013732,var1
"x1,x2,x6",3,5,0.0,OLS,55,8.154439464634331,0.8638674469846499,0.24328089016390408,0.07067769871662292,var1
"x1,x4,x6",3,3,0.0,OLS,19,8.175648753600811,0.4868793683847145,0.23998533545826603,0.058104776324489106,var1
"x1,x2,x4,x6",4,2,0.0,OLS,14,8.176148306702853,0.4625849586772408,0.24070574835101594,0.03920771616633764,var1
"x1,x4,x6",3,4,0.0,OLS,34,8.210341423727447,0.41370130326374127,0.23635569872063494,0.05980512066232055,var1
"x1,x5",2,10,0.0,OLS,65,8.220078320021036,0.7053220209605656,0.23410989989732817,0.09144303891819998,var1
"x3,x4,x5",3,4,0.0,OLS,34,8.230007640292134,0.6861460569602815,0.2357588024701701,0.06070465751921554,var1
"x2,x5,x6",3,5,0.0,OLS,55,8.240961185313774,0.5332590655992887,0.23507584289487654,0.037541037179128614,var1
"x1,x2,x6",3,6,0.0,OLS,83,8.318058493319512,0.997853637285195,0.22774761007692707,0.08952027518312533,var1
"x1,x2,x6",3,2,0.0,OLS,9,8.33611303456389,0.5244560821415065,0.22594393155729353,0.042993883007387886,var1
"x4,x5,x6",3,2,0.0,OLS,9,8.345091197025429,0.19606864839032603,0.22434763865434187,0.03668861050594698,var1
"x3,x4,x5",3,2,0.0,OLS,9,8.376103115798923,0.5588117326478921,0.22078646667545918,0.07161990533014281,var1
"x1,x2,x5",3,7,0.0,OLS,119,8.386992939330888,0.9506387315401307,0.22185361068460424,0.07832986365910194,var1
"x3,x5",2,3,0.0,OLS,9,8.425307449970727,0.5608399433404119,0.21641477899671693,0.06944434165537323,var1
"x1,x6",2,3,0.0,OLS,9,8.444492943282492,0.48730279801935344,0.21550091092804183,0.047953456120301365,var1
"x4,x6",2,8,0.0,OLS,44,8.45863964025806,0.3802775019909522,0.21412488664111798,0.04109127720788928,var1
"x2,x5,x6",3,6,0.0,OLS,83,8.465864560846008,0.76039024446531,0.21452426493619176,0.056878467064228715,var1
"x1,x6",2,4,0.0,OLS,14,8.467366094508424,0.476040701113849,0.21318189576812246,0.05110506095371093,var1
"x1,x6",2,6,0.0,OLS,27,8.473254993931242,0.5830253756868252,0.2122997627982779,0.06570934799468044,var1
"x4,x6",2,7,0.0,OLS,35,8.483822456908797,0.3840915045118367,0.21194009922442278,0.03685672351072173,var1
"x3,x5",2,2,0.0,OLS,5,8.484942545861545,0.5604449727090136,0.2105751240976601,0.07387990943583389,var1
"x2,x5,x6",3,2,0.0,OLS,9,8.491404538518598,0.3451028705962271,0.2107533257750566,0.04554835229698995,var1
"x1,x6",2,5,0.0,OLS,20,8.5012260740234,0.5132236921254036,0.21013146390796744,0.05216007584731906,var1
"x1,x2,x4,x6",4,5,0.0,OLS,125,8.53235453487515,1.0218614117497733,0.2064503779263731,0.10602376553256498,var1
"x3,x5",2,5,0.0,OLS,20,8.53770091347336,0.4271118217940025,0.20588915657897816,0.062291376121912934,var1
"x3,x5",2,4,0.0,OLS,14,8.541577895767222,0.5482443395511977,0.20597941953469726,0.06367720706195969,var1
"x4,x6",2,6,0.0,OLS,27,8.54634697343301,0.32380681814207857,0.20624527584996227,0.02748371399561485,var1
"x1,x4,x6",3,5,0.0,OLS,55,8.546727623062697,0.6407767172143586,0.20544273408902597,0.07123059944332283,var1
"x1,x4,x6",3,2,0.0,OLS,9,8.571849946905784,0.3408844692037116,0.20344127802695117,0.04167743779389485,var1
"x3,x4,x5",3,5,0.0,OLS,55,8.577190811079285,0.7144376768264927,0.2038641594808101,0.05728358369385186,var1
"x4,x6",2,5,0.0,OLS,20,8.580117234706233,0.4382404609464666,0.20372995944607056,0.015866764540654672,var1
"x4,x5,x6",3,6,0.0,OLS,83,8.580655466268627,0.5844500689851657,0.20395159967107235,0.032695331495866634,var1
"x1,x3,x5",3,8,0.0,OLS,164,8.583237233039508,0.664897430893619,0.20053308973682293,0.0878268170686153,var1
"x2,x4,x6",3,7,0.0,OLS,119,8.58435349708075,1.1904782775612643,0.2018918555083351,0.12092758433158511,var1
"x4,x6",2,9,0.0,OLS,54,8.587987217846283,0.41171000545453534,0.20178012023457095,0.05104368958242425,var1
"x4,x6",2,4,0.0,OLS,14,8.594507003537833,0.3663863376407219,0.20209399543655088,0.019067745695305546,var1
"x4,x6",2,3,0.0,OLS,9,8.609250669020692,0.4003759888837006,0.20083327231175377,0.018971800365755666,var1
"x5,x6",2,3,0.0,OLS,9,8.615637318788519,0.5388466980805267,0.1993620976515209,0.05757066247235211,var1
"x1,x6",2,7,0.0,OLS,35,8.620478269134546,0.5994268840505974,0.19902565803739675,0.06001421024982853,var1
"x1,x6",2,2,0.0,OLS,5,8.628671693374567,0.4742491820354667,0.19856034543284987,0.04311873565029798,var1
"x2,x6",2,6,0.0,OLS,27,8.636737793896113,0.7017536340652621,0.19878291445139343,0.046113869632016684,var1
"x3,x5",2,6,0.0,OLS,27,8.645929155046266,0.3870144084114036,0.19610031119152152,0.05533049133425584,var1
"x1,x6",2,9,0.0,OLS,54,8.659868175172424,0.6521603339199608,0.19512299742160852,0.06885879088820923,var1
"x2,x6",2,7,0.0,OLS,35,8.66015277015482,0.8178344823437943,0.19708084770840925,0.05049259960294986,var1
"x5,x6",2,2,0.0,OLS,5,8.661186915755579,0.49491954511089836,0.19544596147176665,0.04766503827600666,var1
"x3,x4,x6",3,8,0.0,OLS,164,8.661202529898478,2.39232084493652,0.19869790863380404,0.2061940162007393,var1
"x2,x6",2,3,0.0,OLS,9,8.68448710397926,0.5511423334894809,0.19394598094776602,0.03622150942908752,var1
"x5,x6",2,4,0.0,OLS,14,8.687883685338074,0.5129238972792327,0.1928904782067375,0.050770443024497604,var1
"x2,x6",2,5,0.0,OLS,20,8.712311892426976,0.7291926507035892,0.19214551421951678,0.040042513986687685,var1
"x2,x6",2,4,0.0,OLS,14,8.714399682140824,0.5661365606445293,0.19119202944539623,0.037346927976291744,var1
"x2,x6",2,9,0.0,OLS,54,8.733868837185394,0.8031438868022813,0.19016050854197575,0.0506309194980257,var1
"x1,x6",2,10,0.0,OLS,65,8.735575568113106,0.675553173395199,0.1885534706508313,0.06324111395790596,var1
"x2,x4,x5,x6",4,6,0.0,OLS,209,8.737837554113554,0.9403342066220969,0.1875879345602786,0.09964449286437141,var1
"x2,x4,x6",3,2,0.0,OLS,9,8.738511515795343,0.4438210830842571,0.188593774493101,0.03359301495864611,var1
"x1,x6",2,8,0.0,OLS,44,8.740130763102844,0.6520634222440349,0.18745590040090648,0.0723584045321729,var1
"x2,x6",2,8,0.0,OLS,44,8.747384899750418,0.8173734333504316,0.18865527398229676,0.0566209291321482,var1
"x2,x3,x5",3,7,0.0,OLS,119,8.74909915437667,1.1454551238180086,0.1870833586829055,0.1124272410810993,var1
"x5,x6",2,5,0.0,OLS,20,8.751042764527213,0.49826425367569294,0.18726959357251044,0.04429835567429037,var1
"x4,x6",2,10,0.0,OLS,65,8.755393979284609,0.37784764006647625,0.18647250152826708,0.04344728408050551,var1
"x1,x2,x3",3,2,0.0,OLS,9,8.77415084458676,0.31160452839436287,0.18387003942104324,0.05788313120008771,var1
"x1,x2,x3",3,4,0.0,OLS,34,8.791484665365696,0.5948623863385211,0.18185466768682923,0.08203121556867143,var1
"x1,x2,x3,x4",4,2,0.0,OLS,14,8.798380254173107,0.36984390933372446,0.181673708015349,0.05998703272292021,var1
"x2,x3",2,4,0.0,OLS,14,8.802504215941394,0.576147878513703,0.18076963845555863,0.08145799384248953,var1
"x2,x4,x5",3,5,0.0,OLS,55,8.812484005205556,0.7284049436819614,0.18265802417598448,0.046194708082410565,var1
"x3,x5",2,7,0.0,OLS,35,8.826936332489138,0.37551476543698326,0.17964974948617077,0.04747773219117918,var1
"x2,x4,x5",3,4,0.0,OLS,34,8.827751905356028,0.6716729606451535,0.18122560403399132,0.037695484697524685,var1
"x2,x6",2,10,0.0,OLS,65,8.8340568179369,0.8439593368902636,0.18103003305960602,0.05247395929132732,var1
"x1,x2,x3",3,3,0.0,OLS,19,8.835709519473582,0.3188246148252912,0.17785475853060698,0.0636573179443244,var1
"x2,x4,x5",3,3,0.0,OLS,19,8.838401634938283,0.7862411845697886,0.18072289867706645,0.04136569946471387,var1
"x1,x4,x6",3,6,0.0,OLS,83,8.867201316979537,0.9269205604528465,0.17667557739436612,0.08087092542139931,var1
"x3,x4,x5",3,6,0.0,OLS,83,8.872972603630647,0.9875226361078098,0.1767017857808543,0.08178580710975875,var1
"x1,x5,x6",3,9,0.0,OLS,219,8.88514121054751,0.4744760387018587,0.17359672221868996,0.06597048856111581,var1
"x5,x6",2,6,0.0,OLS,27,8.891845025845058,0.4789256330915509,0.17427385676165372,0.03937025515620192,var1
"x1,x2,x3",3,5,0.0,OLS,55,8.89833222779023,0.5697413693144826,0.17168057087810257,0.08339392300306729,var1
"x2,x3",2,2,0.0,OLS,5,8.91582614214868,0.3565554946995872,0.17040144769469012,0.06607640423145762,var1
"x1,x2,x6",3,7,0.0,OLS,119,8.927796388952803,1.0512714428595227,0.1720329442774381,0.08124527464769829,var1
"x2,x3",2,3,0.0,OLS,9,8.92841037150485,0.42770151304275333,0.16905750916832502,0.07263340438894346,var1
"x2,x3,x6",3,10,0.0,OLS,285,8.93204228568273,2.420582943443166,0.17048708382254538,0.22283817811682982,var1
"x3,x5",2,8,0.0,OLS,44,8.945527931052512,0.3316573953766483,0.16848352281912554,0.04806234423715458,var1
"x2,x5,x6",3,7,0.0,OLS,119,8.946309573340612,0.9276210293273085,0.1699211085722136,0.07496801601996242,var1
"x5,x6",2,7,0.0,OLS,35,8.94675885315058,0.41573796062123153,0.16909776000475746,0.035321090715747655,var1
"x2,x3,x5,x6",4,7,0.0,OLS,329,8.960812120937415,1.5956375352201253,0.17101900142940846,0.1158011326356262,var1
"x2,x3,x4",3,2,0.0,OLS,9,8.973358197343684,0.37600172264465614,0.16500688336146513,0.06803990009323782,var1
"x2,x3",2,5,0.0,OLS,20,8.974564935188216,0.6303500998946313,0.16490459093082885,0.08393863876407018,var1
"x4,x6",2,2,0.0,OLS,5,8.98471865038529,0.3307461193576351,0.16542619866650582,0.03163379128995462,var1
"x4,x5,x6",3,7,0.0,OLS,119,9.000910865842462,0.5647099853204679,0.16263504382380967,0.07278932348539899,var1
"x2,x3,x4",3,4,0.0,OLS,34,9.013478452375214,0.9403325035058768,0.15933761327195906,0.12658843690160673,var1
"x1,x4,x5",3,7,0.0,OLS,119,9.019874960148552,0.5559848533497445,0.1627683217630033,0.03844732336631974,var1
"x2,x3",2,6,0.0,OLS,27,9.038784624703236,0.5802144383868973,0.15901981030899298,0.07943972214606136,var1
"x1,x3,x6",3,9,0.0,OLS,219,9.040168236339465,1.2740671993993626,0.15698366700360056,0.14144435974227526,var1
"x5,x6",2,8,0.0,OLS,44,9.046817825830932,0.6333145337326465,0.1600393874763432,0.05320249854156856,var1
"x3,x5",2,9,0.0,OLS,54,9.056603358744193,0.2879016362783682,0.15826618534963838,0.042561315397872446,var1
"x1,x2,x3,x4",4,3,0.0,OLS,34,9.067971532884837,0.3511696500931429,0.15611104450893945,0.06876720283953115,var1
x6,1,6,0.0,OLS,6,9.093904513240432,0.40038609549834964,0.1555060104472785,0.031205580332889827,var1
x6,1,7,0.0,OLS,7,9.103118177076421,0.37709602752525523,0.15471509459577368,0.026168095180711396,var1
x6,1,8,0.0,OLS,8,9.106942745993857,0.3795344660517845,0.15437428876254483,0.02593568474546693,var1
"x2,x4,x5",3,6,0.0,OLS,83,9.107168972710856,0.6588116817808005,0.1547537751577124,0.04889373363649693,var1
"x2,x3,x4",3,3,0.0,OLS,19,9.114232189636088,0.37957226810774347,0.1517312709969407,0.07151261035874683,var1
"x1,x2,x4,x5",4,6,0.0,OLS,209,9.115366002949793,0.9231529120907821,0.15239405114046342,0.09976916744961473,var1
"x2,x6",2,2,0.0,OLS,5,9.1237272558669,0.42046288589351377,0.15225673174187704,0.04617049350213954,var1
"x1,x2,x3,x4",4,4,0.0,OLS,69,9.128490580468208,0.8911486098398588,0.1491508408757721,0.1190866530141864,var1
x6,1,9,0.0,OLS,9,9.138428606924407,0.4055890392297695,0.15153101435453925,0.026127883978109386,var1
x6,1,5,0.0,OLS,5,9.156472231241468,0.525263523755131,0.15010993292461858,0.03325243023413026,var1
x6,1,2,0.0,OLS,2,9.168395626200466,0.5287240038391929,0.14885999339233755,0.038066944743560927,var1
x6,1,3,0.0,OLS,3,9.174277828678338,0.5315016019177683,0.14832112974138653,0.038199980956300394,var1
x6,1,10,0.0,OLS,10,9.177122980136781,0.3936659509497398,0.1479050071313898,0.02564443171998384,var1
x6,1,4,0.0,OLS,4,9.178842696704075,0.5156184435138922,0.14782393886570544,0.0382701310521553,var1
"x2,x3",2,7,0.0,OLS,35,9.185767262289222,0.5202151613771537,0.14545214703490303,0.07441471140490663,var1
"x5,x6",2,9,0.0,OLS,54,9.216054501426322,0.7535686496374316,0.14463397107497764,0.060653548164395735,var1
"x3,x5",2,10,0.0,OLS,65,9.220085115286153,0.2535896275388211,0.14286953202973648,0.04588593093444106,var1
"x2,x3,x4",3,5,0.0,OLS,55,9.283141647717787,1.0140866161587292,0.13436650531947514,0.13259561660580677,var1
"x2,x3",2,8,0.0,OLS,44,9.350074855619757,0.49870910742196883,0.1306312900762106,0.0655789398331686,var1
"x1,x2,x3",3,6,0.0,OLS,83,9.475001188645809,0.6107888786899712,0.11847569877490778,0.08194881616406269,var1
"x2,x3",2,9,0.0,OLS,54,9.481212364521824,0.5042995967629418,0.11769427260645057,0.07864588388385262,var1
"x1,x3,x4,x5,x6",5,1,0.0,OLS,5,9.490965306289118,0.5664536433751762,0.11737385927109567,0.07351455248829451,var1
"x4,x5",2,4,0.0,OLS,14,9.492264380436719,0.3977895523513497,0.1180001980946537,0.045050527441863046,var1
"x1,x4,x6",3,7,0.0,OLS,119,9.501650633577986,0.9628465466536446,0.11887272089817971,0.06559964055167668,var1
"x1,x3,x5,x6",4,1,0.0,OLS,4,9.50733206763328,0.5219175398018793,0.11588075264081496,0.0699855467449141,var1
"x1,x2,x3,x4,x5,x6",6,1,0.0,OLS,6,9.517800349814244,0.5671789283361547,0.11483820495491592,0.07438767902367793,var1
"x4,x5",2,5,0.0,OLS,20,9.530494648539038,0.5021105330137564,0.11420243000112598,0.05777111660229957,var1
"x1,x2,x3,x5,x6",5,1,0.0,OLS,5,9.539716320665429,0.5380866656033394,0.1127687208166938,0.07300309624126478,var1
"x4,x5",2,3,0.0,OLS,9,9.539833531027368,0.37248058127251826,0.11352076626614879,0.04552256007091457,var1
"x3,x4,x5",3,7,0.0,OLS,119,9.556698865303046,1.2803171841332386,0.11338586782501173,0.1088581453599203,var1
"x2,x5",2,3,0.0,OLS,9,9.556893646250645,0.764883863472385,0.11266111703781083,0.06417099185453062,var1
"x1,x3,x4,x5",4,1,0.0,OLS,4,9.567978624295135,0.48152107339176986,0.11003334443760335,0.07066065516532145,var1
"x1,x3,x5",3,1,0.0,OLS,3,9.580243822763228,0.4277476850646464,0.10891356798363236,0.06705420821125929,var1
"x5,x6",2,10,0.0,OLS,65,9.580746424477846,0.946020491063532,0.11147407967505892,0.06753290540053229,var1
"x1,x2,x3,x4,x5",5,1,0.0,OLS,5,9.59479896198453,0.4761198000743507,0.10751601618917142,0.07090372420113271,var1
"x1,x2,x3,x5",4,1,0.0,OLS,4,9.614638465919757,0.43798252606371285,0.10563832538443607,0.06926604588120819,var1
"x2,x5",2,4,0.0,OLS,14,9.625338494494137,0.6745902761929532,0.10627171906377805,0.0553561464092759,var1
"x1,x3,x4",3,2,0.0,OLS,9,9.630726196482232,0.40252868007319353,0.10435896648535978,0.06333044825595142,var1
"x3,x5,x6",3,9,0.0,OLS,219,9.65951957120158,2.7130644865967897,0.10936665989048355,0.21312572021543175,var1
"x4,x5",2,6,0.0,OLS,27,9.659678738142716,0.7029850013077207,0.10214338809032956,0.07411068584914753,var1
"x3,x5,x6",3,1,0.0,OLS,3,9.680604332735337,0.6171877885374905,0.09977900688253552,0.07748522594045515,var1
"x2,x5,x6",3,8,0.0,OLS,164,9.686346059939503,1.0582476804717191,0.10190232392833413,0.07807550998525987,var1
"x3,x4,x5,x6",4,1,0.0,OLS,4,9.699490413138019,0.610181255490457,0.09796269661141184,0.0779927991887995,var1
"x2,x3,x5,x6",4,1,0.0,OLS,4,9.70729436082909,0.5817086860618766,0.09730903917138478,0.07484380708488496,var1
"x2,x3,x4,x5,x6",5,1,0.0,OLS,5,9.713111733818424,0.5855394768146164,0.09675005923610147,0.07542832332384969,var1
"x1,x3,x4",3,3,0.0,OLS,19,9.713317054462204,0.3471256774741945,0.09628889169566897,0.06796325925393948,var1
"x1,x3",2,3,0.0,OLS,9,9.725881749110146,0.24655697967354331,0.09502956478128947,0.06541093533656132,var1
"x2,x4,x5",3,2,0.0,OLS,9,9.735885948465919,0.5445466577565033,0.09587575293856457,0.046696878211986925,var1
"x1,x3",2,4,0.0,OLS,14,9.745948515082187,0.246081572577578,0.09315647124056307,0.06562118741414753,var1
"x1,x3",2,2,0.0,OLS,5,9.746335039144123,0.2919200233025408,0.09356393202752492,0.05909446844622909,var1
"x3,x5",2,1,0.0,OLS,2,9.74756770433242,0.5150337073491942,0.09339808363392058,0.07284700007405567,var1
"x3,x4,x5",3,1,0.0,OLS,3,9.771516286507797,0.5119073897530589,0.09110960008423401,0.07377638474535375,var1
"x4,x5",2,7,0.0,OLS,35,9.776285207457686,0.8451113050573742,0.09111429790716345,0.08807694458578132,var1
"x2,x3,x5",3,1,0.0,OLS,3,9.776652478145321,0.47391185206421466,0.09070436453484006,0.07016299555238324,var1
"x2,x3,x4,x5",4,1,0.0,OLS,4,9.784825665417676,0.4819153280785202,0.08992434711997235,0.07104838543015539,var1
"x1,x3",2,5,0.0,OLS,20,9.80763457083376,0.24216546397927904,0.0873226506824913,0.06732899619255531,var1
"x1,x4,x5,x6",4,1,0.0,OLS,4,9.81663515205607,0.5227573200799854,0.08782722599904032,0.05697646415605452,var1
"x2,x5",2,5,0.0,OLS,20,9.827220838552337,0.5467028464019378,0.08731753883886381,0.04715196390954091,var1
"x4,x5",2,2,0.0,OLS,5,9.837864944242781,0.35533316962140676,0.08560327593370627,0.05059954913949468,var1
"x1,x2,x4,x5,x6",5,1,0.0,OLS,5,9.841983847813927,0.5399116391058426,0.08529033390877594,0.06228665158780138,var1
"x2,x3",2,10,0.0,OLS,65,9.845372439957691,0.4998148524401611,0.08389145991045152,0.07845508395441979,var1
"x3,x4",2,2,0.0,OLS,5,9.845451032104837,0.3614008544858001,0.08416439562075509,0.06635509916246113,var1
"x2,x5",2,6,0.0,OLS,27,9.85856993251744,0.6220379902288782,0.08451755437016731,0.05164697751959471,var1
"x1,x3",2,6,0.0,OLS,27,9.869789504345885,0.2874044297214104,0.08157885957309038,0.06858571737763691,var1
"x4,x5",2,8,0.0,OLS,44,9.873903025550083,0.8653382385177785,0.08224429935443663,0.08754387479297059,var1
"x1,x3,x4",3,4,0.0,OLS,34,9.882182935563064,0.2810701288389019,0.08029001884133394,0.0700538167520504,var1
"x3,x4",2,3,0.0,OLS,9,9.892459473476032,0.37723343138388715,0.07971685276847844,0.06884452684090743,var1
"x1,x4,x5",3,1,0.0,OLS,3,9.909391735419058,0.4304304335403371,0.07908017598415333,0.052619205265777444,var1
"x3,x4",2,4,0.0,OLS,14,9.91493551463536,0.27721553247172376,0.07751865719563997,0.06583853682214948,var1
"x4,x5,x6",3,1,0.0,OLS,3,9.919709168102823,0.5457592690757905,0.07808272032093418,0.06274098237876101,var1
"x2,x5",2,2,0.0,OLS,5,9.922461313291231,0.4605900882036678,0.07770306686356195,0.0583943437373889,var1
x3,1,3,0.0,OLS,3,9.926325350062635,0.3064778697362541,0.07640291580001764,0.06866114478645537,var1
"x1,x5,x6",3,1,0.0,OLS,3,9.931068047020581,0.46268489944698005,0.07744034908549316,0.04581608591281148,var1
"x5,x6",2,1,0.0,OLS,2,9.9340621975156,0.4919909724147605,0.0771559224465919,0.048870608690381234,var1
"x1,x2,x4,x5",4,1,0.0,OLS,4,9.934087742325147,0.44132263268360145,0.0766288388303183,0.05707667128106793,var1
x3,1,4,0.0,OLS,4,9.943154912534533,0.2856862033832618,0.07483208709061746,0.06793502561332504,var1
"x1,x2,x5,x6",4,1,0.0,OLS,4,9.945863512679487,0.5075913753858852,0.07560400285460005,0.06043207523172613,var1
x3,1,2,0.0,OLS,2,9.95054603722311,0.29041108218550293,0.07435720694656708,0.0642909484679595,var1
"x2,x4,x5,x6",4,1,0.0,OLS,4,9.95067268816085,0.5419828429449869,0.07510902235261092,0.06453956030633072,var1
"x2,x5",2,7,0.0,OLS,35,9.959596138018611,0.5631510262722864,0.07510872205170196,0.04640589262035831,var1
x3,1,5,0.0,OLS,5,9.960081897737032,0.2841621587839648,0.07328695929844424,0.06738552001471429,var1
"x3,x4",2,6,0.0,OLS,27,9.963239432593335,0.32509655076244187,0.07237963040425943,0.07827840790677328,var1
"x3,x4",2,5,0.0,OLS,20,9.965458577609407,0.28204182005539713,0.07295967566704675,0.0636240974241887,var1
"x1,x3",2,7,0.0,OLS,35,9.973576581079,0.3095356030630476,0.07190869784024903,0.07003763235559127,var1
"x1,x3,x4,x5",4,6,0.0,OLS,209,9.982905107678409,1.234581109786948,0.07464260800503084,0.0885795317680978,var1
"x2,x5,x6",3,1,0.0,OLS,3,9.988012996797492,0.5166287033862559,0.0716976776297453,0.061275032176144426,var1
x3,1,6,0.0,OLS,6,9.98882850550527,0.2853151196248261,0.07073990749200662,0.06530025792377,var1
x3,1,7,0.0,OLS,7,9.996221149017684,0.27891578565791547,0.07004356019932678,0.06521141598239238,var1
x3,1,8,0.0,OLS,8,9.998527559980563,0.2927630771041761,0.06988121452574385,0.06480450596488176,var1
x5,1,3,0.0,OLS,3,10.003711160620835,0.35070770628225734,0.07043585535819988,0.043767338902683785,var1
x3,1,9,0.0,OLS,9,10.004260835701643,0.2947902172291791,0.06935548766965574,0.06476312502550055,var1
"x4,x5",2,1,0.0,OLS,2,10.00650037628929,0.4450611799982542,0.06990986953532985,0.05744555301701737,var1
x5,1,1,0.0,OLS,1,10.017765018513295,0.38657089716970755,0.06930213750868645,0.04190137306407811,var1
"x1,x5",2,1,0.0,OLS,2,10.021122311546659,0.3708700263246657,0.06895828588550793,0.041408355312883095,var1
"x1,x3,x4,x6",4,1,0.0,OLS,4,10.024668072387357,0.6555513475948928,0.06853702903920016,0.06871618223708527,var1
"x3,x4",2,7,0.0,OLS,35,10.026320570760195,0.5004638136224843,0.06616730575653602,0.0911022766309561,var1
x5,1,2,0.0,OLS,2,10.028723810488845,0.34660740030116854,0.06822913221238672,0.04028995387550047,var1
x3,1,10,0.0,OLS,10,10.032435076886294,0.29483385211821117,0.06671973700439282,0.06514775140888521,var1
"x2,x4,x5",3,1,0.0,OLS,3,10.036849101194955,0.4354592564425948,0.06699974918963998,0.05891891331511802,var1
"x1,x2,x5",3,1,0.0,OLS,3,10.037678566227402,0.39726248040033163,0.06698795213708213,0.05448718372961605,var1
"x1,x3,x6",3,1,0.0,OLS,3,10.051105189972757,0.6284904999693898,0.06610145198257958,0.06598914179897823,var1
"x1,x2,x3,x4,x6",5,1,0.0,OLS,5,10.051175877898027,0.6627497136100714,0.06600375760739219,0.07069995656129607,var1
x5,1,4,0.0,OLS,4,10.053860109352245,0.3232897093169463,0.0658683310487175,0.03938899583239739,var1
"x2,x5",2,8,0.0,OLS,44,10.053885906292303,0.6455371070897593,0.06632445774234072,0.054933646385012094,var1
x5,1,8,0.0,OLS,8,10.056655524210033,0.39443587613724956,0.06559486518060609,0.045003853194417874,var1
"x4,x5",2,9,0.0,OLS,54,10.063996846463452,1.1231117162075488,0.0648322093129254,0.10719948796071255,var1
x5,1,7,0.0,OLS,7,10.064115562710386,0.32457772263941603,0.06480851806428356,0.04261052941340438,var1
x5,1,6,0.0,OLS,6,10.064354394869884,0.3435582295060539,0.06487411353528058,0.04137230159393778,var1
x5,1,5,0.0,OLS,5,10.06519550634405,0.3211333080095199,0.06471092174791526,0.0422873592076722,var1
"x2,x5",2,1,0.0,OLS,2,10.074572356602486,0.3996115432724359,0.06357555830310598,0.054626137628980304,var1
"x1,x2,x3,x6",4,1,0.0,OLS,4,10.079300297670901,0.6467684591122698,0.06335068656977945,0.07011555321661724,var1
x5,1,9,0.0,OLS,9,10.080103915324608,0.380127798414898,0.06338340044336196,0.04481365253833128,var1
"x1,x3",2,8,0.0,OLS,44,10.084855809135213,0.3375297605093472,0.06114612323055968,0.07839449092060563,var1
x5,1,10,0.0,OLS,10,10.090352386743067,0.383879744744199,0.06244680415361663,0.04467842030377731,var1
"x2,x4,x5",3,7,0.0,OLS,119,10.094989109512412,1.3454683647743806,0.06425177724457946,0.1031355290186733,var1
"x1,x2,x6",3,8,0.0,OLS,164,10.099064108416872,1.1178433675006565,0.05955056751249162,0.13374829919074022,var1
"x2,x4,x6",3,8,0.0,OLS,164,10.170715891052964,3.49898157267921,0.04512024813086699,0.3809912011762235,var1
"x3,x4",2,8,0.0,OLS,44,10.171621877144215,0.4832210907616497,0.05259507490566464,0.0916557714395202,var1
"x2,x5",2,9,0.0,OLS,54,10.207482055984132,0.6277413582998753,0.052158213829350285,0.05092123997928303,var1
"x4,x5",2,10,0.0,OLS,65,10.211499175594605,1.1627022954731565,0.05109794186399852,0.1110578061863966,var1
"x1,x3",2,9,0.0,OLS,54,10.216316119122686,0.3994627928256195,0.048721479590623964,0.08443615634554948,var1
"x3,x6",2,1,0.0,OLS,2,10.23324938839814,0.7343071541731245,0.04902435592675478,0.07827531276517563,var1
"x3,x4,x6",3,1,0.0,OLS,3,10.247033817306338,0.7335810898463345,0.04768336314845476,0.0792475503466804,var1
"x2,x3,x6",3,1,0.0,OLS,3,10.265605831205542,0.7181309030930773,0.04599570831632653,0.07731695946398717,var1
"x2,x3,x4,x6",4,1,0.0,OLS,4,10.266617703315317,0.7229880040077726,0.04588778739087496,0.07797069036125202,var1
"x1,x3",2,10,0.0,OLS,65,10.285864014951827,0.3761813998203987,0.04231960365043959,0.08279220077234029,var1
"x1,x2,x3",3,7,0.0,OLS,119,10.296900630294193,0.7248525950595431,0.044235750233127494,0.05503467753753887,var1
"x1,x2,x3,x4",4,5,0.0,OLS,125,10.309056939116019,0.8942674856392065,0.03933234301130273,0.12448170527001975,var1
"x1,x4,x6",3,1,0.0,OLS,3,10.336149193163767,0.6057748624602598,0.04017710598161863,0.050894559920791275,var1
"x3,x4",2,9,0.0,OLS,54,10.341413248662302,0.6478373745821133,0.035940673868791004,0.11118717173151615,var1
"x1,x2,x4,x6",4,1,0.0,OLS,4,10.358631646731943,0.6176423141143416,0.03787759155360928,0.057265026383288724,var1
"x2,x3,x4,x5",4,6,0.0,OLS,209,10.383949741063415,2.3334531349903735,0.040329930802113625,0.17970505682527876,var1
"x2,x3,x4",3,6,0.0,OLS,83,10.389682580402608,1.6424290469765253,0.03192367744703635,0.18177029165926906,var1
"x1,x3,x4",3,5,0.0,OLS,55,10.418768196344327,0.4028770049430415,0.031422933032208555,0.05873596668620396,var1
"x4,x6",2,1,0.0,OLS,2,10.443470552378553,0.6430276551121104,0.02995201787648214,0.060972708400329874,var1
"x1,x2,x3,x5",4,7,0.0,OLS,329,10.447587341056535,1.847214182310621,0.028687536431958694,0.18290386376020762,var1
x6,1,1,0.0,OLS,1,10.464228085886278,0.6061183526374432,0.028445954062547484,0.04648145314356335,var1
"x1,x6",2,1,0.0,OLS,2,10.466238555784859,0.5602521366316543,0.02828724988628415,0.03981526208552074,var1
"x1,x2,x6",3,1,0.0,OLS,3,10.469705734889095,0.5840400779241101,0.027485675996964987,0.05557796251782584,var1
"x2,x4,x6",3,1,0.0,OLS,3,10.47908598081566,0.6414386143007291,0.026501048545388817,0.06396381629101665,var1
"x2,x5",2,10,0.0,OLS,65,10.486928721854133,0.6615665705608719,0.026395428496097682,0.04987822469777524,var1
"x1,x3,x4",3,1,0.0,OLS,3,10.493363138567368,0.4210086574379233,0.024821642092960762,0.05346460607689153,var1
"x3,x4,x5",3,8,0.0,OLS,164,10.497394686680646,1.8233636338088157,0.025964557189696102,0.16157695400591243,var1
"x1,x3",2,1,0.0,OLS,2,10.51759369024966,0.3892813007074447,0.02256885075022048,0.05118445711448463,var1
"x1,x2,x3,x4",4,1,0.0,OLS,4,10.51895578400382,0.42403620032022254,0.0224053609597654,0.05468874483246965,var1
"x2,x6",2,1,0.0,OLS,2,10.520195602706174,0.6134666566330947,0.022733847422159358,0.06010225632216847,var1
"x1,x2,x3,x6",4,7,0.0,OLS,329,10.538861253743008,2.3068913099910615,0.01732171892795842,0.24091698785549315,var1
"x1,x2,x3",3,1,0.0,OLS,3,10.547536120586825,0.4002783985981237,0.01970146459834845,0.05419610252981149,var1
"x1,x3,x4",3,6,0.0,OLS,83,10.557635641207028,0.27308443323488785,0.018237573374814065,0.05880447697550336,var1
"x3,x4,x6",3,9,0.0,OLS,219,10.570320645860518,4.45749638831309,0.022065953155895678,0.3987595299672409,var1
"x1,x4,x5",3,8,0.0,OLS,164,10.599507857873812,1.1388239017376862,0.015514527448284476,0.1052357194713284,var1
"x1,x2,x4",3,2,0.0,OLS,9,10.617934496177543,0.6470355709807452,0.014513308719332318,0.041134171939108954,var1
"x3,x4",2,10,0.0,OLS,65,10.654844105974092,0.37646302919824354,0.007780985208265134,0.08769733745480719,var1
"x1,x2,x5",3,8,0.0,OLS,164,10.656904884468265,2.6087900002780624,0.013395749925961264,0.22471514898586645,var1
x3,1,1,0.0,OLS,1,10.682340778643374,0.4871096342469582,0.007118385076363243,0.06214705806341242,var1
"x3,x4",2,1,0.0,OLS,2,10.704579968923388,0.4940571472066855,0.004982478558533043,0.06420133030495409,var1
"x2,x3",2,1,0.0,OLS,2,10.722023416825646,0.474163792152904,0.003397651760024223,0.0619611956950288,var1
"x2,x3,x4",3,1,0.0,OLS,3,10.725264345691794,0.4842303206144454,0.0030767010648336647,0.06314070159493494,var1
"x1,x2",2,2,0.0,OLS,5,10.730498622628264,0.5740960629828045,0.0037756928897167085,0.04009943550814401,var1
"x1,x2,x4",3,3,0.0,OLS,19,10.752626419438903,0.5451814178868923,0.0013051997515582726,0.04960916388145742,var1
"x1,x2",2,3,0.0,OLS,9,10.770121183311394,0.5366188013502099,-0.00035747146087616866,0.049830949650171985,var1
"x1,x4,x6",3,8,0.0,OLS,164,10.77088954761241,1.4391319739304516,0.001944684321023593,0.10453156588370563,var1
"x1,x2",2,5,0.0,OLS,20,10.775493575322555,0.47980268871246007,-0.0011762892452046093,0.052901518269887954,var1
"x2,x4",2,2,0.0,OLS,5,10.776123795415296,0.5999392566071969,-0.0006277775904423022,0.04895611244271418,var1
"x1,x2",2,4,0.0,OLS,14,10.795435037198885,0.5220939374643523,-0.002748108341334721,0.0497657134267142,var1
"x1,x4",2,3,0.0,OLS,9,10.82241478573062,0.38052655320045015,-0.005606531660169378,0.04727970828057018,var1
"x1,x4",2,1,0.0,OLS,2,10.826261486026715,0.4178350191535127,-0.005450306741549493,0.03355296582174869,var1
"x1,x2,x4",3,1,0.0,OLS,3,10.845668567135537,0.41297132850528373,-0.007418683155144557,0.03909090247657192,var1
"x1,x4",2,2,0.0,OLS,5,10.845962943557797,0.4516373151584555,-0.00735165492145815,0.039698428883012046,var1
x2,1,6,0.0,OLS,6,10.849522294153333,0.4561270654431426,-0.008131816406166536,0.05342781869557003,var1
x2,1,4,0.0,OLS,4,10.85621326540291,0.4853281871174099,-0.008440644030858046,0.04736492730093415,var1
"x2,x4",2,3,0.0,OLS,9,10.860735153508744,0.598824511770125,-0.00839361617944705,0.04594821405774911,var1
x2,1,2,0.0,OLS,2,10.86672056519834,0.49420493565193635,-0.009557474841219226,0.05205275627763861,var1
x2,1,7,0.0,OLS,7,10.871975740704485,0.45250425610277295,-0.010201869188646628,0.05272898110096736,var1
"x2,x3,x5",3,8,0.0,OLS,164,10.877557963326279,2.722098844174247,-0.004006373167132949,0.2113107137659302,var1
"x1,x4",2,4,0.0,OLS,14,10.878171620340476,0.29659176899384465,-0.010808991014774727,0.042190509415151144,var1
x2,1,3,0.0,OLS,3,10.888270989842047,0.5139471840330919,-0.0115557024280593,0.05365798864412008,var1
x1,1,5,0.0,OLS,5,10.889628534674667,0.34644620751882826,-0.011573121158668176,0.035579257016898916,var1
x2,1,8,0.0,OLS,8,10.890698974551551,0.4538965781794682,-0.012095829850022267,0.05674543201014585,var1
x2,1,9,0.0,OLS,9,10.890782890622571,0.4509585252102384,-0.01211267561430598,0.05676764316624173,var1
"x2,x4",2,4,0.0,OLS,14,10.892659400512377,0.5426496308385452,-0.012568583251224008,0.06962581709792898,var1
"x2,x3,x4",3,7,0.0,OLS,119,10.89271387742032,1.6392545103532665,-0.013683083907040806,0.17074572506094815,var1
x2,1,5,0.0,OLS,5,10.89658368172017,0.489703632697352,-0.012239845794385463,0.049312613833164896,var1
x1,1,6,0.0,OLS,6,10.899975305053031,0.3185900306558765,-0.012851124470510223,0.0438725095758579,var1
x1,1,3,0.0,OLS,3,10.901820389525193,0.37236982212993425,-0.012623720758028045,0.03482708310147264,var1
x1,1,4,0.0,OLS,4,10.903265507508433,0.36511427166183447,-0.012818701986672454,0.03640946073802465,var1
x1,1,7,0.0,OLS,7,10.910057250059165,0.32628283807679964,-0.013696213285181048,0.041606907387391034,var1
"x1,x2",2,6,0.0,OLS,27,10.912950673677575,0.523935865726216,-0.014030408067839662,0.05817459526006114,var1
x2,1,10,0.0,OLS,10,10.91394610197653,0.4642055398526055,-0.014186142649244338,0.05582577420220006,var1
x4,1,1,0.0,OLS,1,10.919907513750207,0.4222751638642512,-0.014402405168799625,0.04307511507884346,var1
x4,1,7,0.0,OLS,7,10.931772983995035,0.34759228353710825,-0.015777805426006087,0.04498323179625222,var1
x4,1,2,0.0,OLS,2,10.93927977825037,0.41649316566452044,-0.01618472454515507,0.0421377570132251,var1
x4,1,4,0.0,OLS,4,10.939487740599564,0.3672213822133684,-0.016246633585404503,0.039027473292002145,var1
"x1,x4",2,5,0.0,OLS,20,10.939698202415398,0.36459937032969336,-0.016194819840359576,0.03620057648918474,var1
"x1,x2,x4",3,4,0.0,OLS,34,10.94211625823338,0.5064976875660295,-0.01710394231238772,0.06602271855138708,var1
x4,1,5,0.0,OLS,5,10.942958959608507,0.36686657697930225,-0.016559071032156748,0.03867388912808532,var1
x1,1,8,0.0,OLS,8,10.951233458644968,0.33903643156902014,-0.017397384021805084,0.03856062643340407,var1
x1,1,9,0.0,OLS,9,10.952255158302473,0.3475882451350912,-0.01746827112322553,0.03842311531062365,var1
x4,1,6,0.0,OLS,6,10.953318034670769,0.2943724483179463,-0.017727354591112143,0.039967567235658,var1
x4,1,3,0.0,OLS,3,10.954419902028016,0.4068466235357436,-0.01758806561854114,0.04110628478949267,var1
x1,1,2,0.0,OLS,2,10.95501082495656,0.408278919016719,-0.017400359093539163,0.03196934083095952,var1
"x2,x4",2,1,0.0,OLS,2,10.955262049315769,0.41013915012724833,-0.017829864367910453,0.04647143658791171,var1
"x2,x4",2,5,0.0,OLS,20,10.957063776125281,0.6265707671848917,-0.018521402761269522,0.0754836591482543,var1
x1,1,1,0.0,OLS,1,10.962988531854696,0.41087762889891183,-0.017954731762608,0.023959368407836322,var1
"x1,x2",2,1,0.0,OLS,2,10.96407370021537,0.36792854128047203,-0.018476628448803177,0.037041632002082096,var1
x4,1,8,0.0,OLS,8,10.968342622605672,0.33541115429566976,-0.01913903867804807,0.04319925532250742,var1
x4,1,9,0.0,OLS,9,10.976549604370357,0.32855881455920066,-0.019916127499910497,0.043198968050185554,var1
"x2,x4",2,6,0.0,OLS,27,10.984659577809275,0.5271191648766637,-0.02127246506212945,0.07155563063515011,var1
x1,1,10,0.0,OLS,10,10.986808780209792,0.35920061923363805,-0.020761027934335097,0.04200581326988493,var1
x2,1,1,0.0,OLS,1,11.003387877793347,0.3760128432637989,-0.022200016940598567,0.04046734132848823,var1
x4,1,10,0.0,OLS,10,11.035583693598705,0.3304806916946209,-0.025294965986660433,0.04014023118970201,var1
"x1,x2",2,7,0.0,OLS,35,11.058576230058632,0.5998589155115654,-0.02720884645934134,0.05665766377506918,var1
"x1,x4",2,6,0.0,OLS,27,11.081442607121746,0.3664949328703075,-0.029473533016959718,0.04008132014787021,var1
"x1,x2,x4,x6",4,6,0.0,OLS,209,11.09811663229991,1.5968215084985689,-0.034271608941309276,0.1778197218046928,var1
"x2,x4",2,7,0.0,OLS,35,11.147622229351109,0.6792595518774849,-0.035926837901164334,0.07416589917235271,var1
"x1,x4",2,7,0.0,OLS,35,11.172669746790618,0.3592898483426665,-0.03825755404163504,0.049158636971429893,var1
"x2,x4",2,8,0.0,OLS,44,11.20334015376299,0.7971385777160657,-0.041243611068989085,0.08654523556646554,var1
"x1,x2",2,8,0.0,OLS,44,11.280213667160726,0.5953243104376897,-0.047788679965003154,0.055559942705511095,var1
"x1,x4",2,8,0.0,OLS,44,11.291661404937297,0.4231653814157707,-0.04878714738548919,0.037955483518506875,var1
"x2,x4",2,9,0.0,OLS,54,11.340845297637411,0.7913432267635806,-0.05377825993077372,0.08213331911734162,var1
"x1,x3,x4",3,7,0.0,OLS,119,11.341580289973944,0.480313217391624,-0.05406859798482768,0.06016433530495479,var1
"x1,x2,x4",3,5,0.0,OLS,55,11.417252810259221,0.6181182886270469,-0.06157862405679519,0.07839189288970122,var1
"x1,x4",2,9,0.0,OLS,54,11.420225854924212,0.38951865713317296,-0.06091791613370372,0.04165650141289815,var1
"x1,x4",2,10,0.0,OLS,65,11.482816200376375,0.30194064913521385,-0.06721857783828042,0.050539615336232496,var1
"x1,x2",2,9,0.0,OLS,54,11.499151380206985,0.8040796105366287,-0.06801952602465126,0.07193481714448517,var1
"x2,x4",2,10,0.0,OLS,65,11.572354697198175,0.8022293974532252,-0.07576395689026298,0.09128701832575128,var1
"x4,x5,x6",3,8,0.0,OLS,164,11.63840681104524,4.055055994259956,-0.06826583548463491,0.31021893176407855,var1
"x2,x4,x5",3,8,0.0,OLS,164,11.699081746930545,3.603416403842953,-0.09925570549755584,0.40338629365928214,var1
"x1,x2",2,10,0.0,OLS,65,11.712887974106394,0.33091033608174675,-0.08874638474365652,0.05541481456679079,var1
"x1,x2,x4",3,6,0.0,OLS,83,12.137466128824338,1.0001190198893166,-0.12961806770091253,0.11994162988967748,var1
"x1,x3,x5",3,9,0.0,OLS,219,12.31088372481492,5.410232075704925,-0.14350036625625498,0.4967659377515636,var1
"x1,x4,x5",3,9,0.0,OLS,219,12.497028404746557,2.9350087714427024,-0.15872346491398714,0.26033672178068074,var1
"x1,x2,x6",3,9,0.0,OLS,219,12.589694530361168,2.564533314047505,-0.17495315015376495,0.2823138138921257,var1
"x2,x3,x4,x6",4,7,0.0,OLS,329,12.714584814659867,8.36774103737028,-0.2060710753066204,0.873138081409625,var1
"x1,x2,x3",3,8,0.0,OLS,164,12.738117611089539,2.442526731690886,-0.17783588268084097,0.17781742854565868,var1
"x1,x3,x6",3,10,0.0,OLS,285,12.896439330074367,3.2643291497760725,-0.1958898202500965,0.2928673867746033,var1
"x1,x2,x4",3,7,0.0,OLS,119,12.897555645689724,0.7673674223049203,-0.19944133113141344,0.09508772738519138,var1
"x2,x4,x5",3,9,0.0,OLS,219,13.458622263490634,3.1145489561981843,-0.2555609873268093,0.32926097991036074,var1
"x1,x4,x6",3,9,0.0,OLS,219,13.684325946268663,3.6961363927476354,-0.26246840227008617,0.28455931670599915,var1
"x2,x3,x5",3,9,0.0,OLS,219,13.87820216614043,3.4246444529703552,-0.282805564348548,0.2823368718351654,var1
"x1,x3,x4",3,8,0.0,OLS,164,14.054593313420549,2.4912527801307394,-0.3000651752542271,0.17859149811531108,var1
"x3,x4,x6",3,10,0.0,OLS,285,14.066395157918716,6.822323837772318,-0.28556436728464324,0.5495781370999955,var1
"x2,x5,x6",3,9,0.0,OLS,219,14.174248415824028,5.82301542166834,-0.30969932585104915,0.5223845696686662,var1
"x2,x3,x4,x5,x6",5,6,0.0,OLS,461,14.286048872049145,3.7505475683235097,-0.32385647600583567,0.3277259622446344,var1
"x2,x4,x5,x6",4,7,0.0,OLS,329,14.62056768397818,3.249579366583956,-0.36781656164474,0.36904786576493764,var1
"x1,x2,x4",3,8,0.0,OLS,164,14.671361226175046,1.616980748893251,-0.36479954783110985,0.16994425777702665,var1
"x1,x2,x5,x6",4,7,0.0,OLS,329,14.779701757420023,5.332171494448772,-0.37314125603972037,0.4855685633735991,var1
"x1,x3,x4,x6",4,7,0.0,OLS,329,14.931553110221234,6.624552513488649,-0.3647805238695101,0.5266577015525299,var1
"x1,x2,x5",3,9,0.0,OLS,219,14.945801114283716,5.83287725889142,-0.36679862439503186,0.4549564462842065,var1
"x2,x4,x6",3,9,0.0,OLS,219,14.948564403145264,8.805511828235495,-0.41876726390007557,0.9307034350301097,var1
"x1,x2,x3,x4",4,6,0.0,OLS,209,15.380337930726558,2.2798355721553025,-0.4283293204894342,0.2106810193384728,var1
"x1,x4,x5,x6",4,7,0.0,OLS,329,15.678865070534846,7.831736142166085,-0.43217398189168754,0.6292087198388354,var1
"x1,x3,x5",3,10,0.0,OLS,285,16.761606094038303,7.517392787594671,-0.5549435614125833,0.678618087022857,var1
"x1,x2,x3",3,9,0.0,OLS,219,16.99465782674878,4.592372384175318,-0.5680812872760621,0.3675038624099272,var1
"x1,x2,x4",3,9,0.0,OLS,219,19.67076046637639,3.008267455331492,-0.8395059274996661,0.3736252151809978,var1
"x1,x5,x6",3,10,0.0,OLS,285,19.862413051538365,15.02140064566481,-0.8390640645606595,1.3798775408918875,var1
"x1,x3,x4,x5,x6",5,6,0.0,OLS,461,19.904772266835014,7.605456246803839,-0.8293314187375099,0.5999171364472764,var1
"x1,x4,x6",3,10,0.0,OLS,285,20.570508083749456,10.304945819416437,-0.8933628451488131,0.9060316776688208,var1
"x4,x5,x6",3,9,0.0,OLS,219,20.89109618242967,22.310353415370855,-0.8711752417520804,1.8775379907781815,var1
"x3,x4,x5,x6",4,7,0.0,OLS,329,20.937617808426978,15.554317675343201,-0.888374356633897,1.294507891038529,var1
"x2,x3,x5",3,10,0.0,OLS,285,21.051917320708032,9.185011685610469,-0.9424341526219895,0.7913695147306203,var1
"x1,x2,x4,x6",4,7,0.0,OLS,329,21.85311133905285,6.386848498703209,-1.0366973166975595,0.6219632913650178,var1
"x1,x2,x4,x5",4,7,0.0,OLS,329,22.64343336551581,3.516205481182277,-1.1050136303580576,0.34080678657626345,var1
"x1,x2,x3,x4,x6",5,6,0.0,OLS,461,24.137758829905923,10.912312049117565,-1.2189166056141805,0.9009499842608594,var1
"x1,x4,x5",3,10,0.0,OLS,285,25.037449493792437,12.601760457224099,-1.3285488805697947,1.1753698987263352,var1
"x2,x3,x4",3,8,0.0,OLS,164,25.494306865827724,30.221778870628814,-1.2826091216943805,2.5556189672927547,var1
"x2,x5,x6",3,10,0.0,OLS,285,26.181288841035716,16.360374700371768,-1.4129690245330582,1.4840493430416635,var1
"x2,x4,x6",3,10,0.0,OLS,285,26.952695140848043,17.862002352424113,-1.5652866556403224,1.8625261681492138,var1
"x1,x2,x6",3,10,0.0,OLS,285,28.864465214347707,14.080302641802762,-1.7081503192646508,1.3796495864787452,var1
"x1,x3,x4",3,9,0.0,OLS,219,29.63695745412652,20.294758461222443,-1.7136765168250256,1.8064056947175413,var1
"x1,x3,x4,x5",4,7,0.0,OLS,329,30.9489478862154,12.19091641382366,-1.9012093702427513,1.2105081460850342,var1
"x1,x2,x3,x4,x5",5,6,0.0,OLS,461,31.024880359648364,8.438670350126431,-1.8623353447192934,0.6896929381980681,var1
"x2,x3,x4,x5",4,7,0.0,OLS,329,34.294353519621936,24.918739486354102,-2.107495116130886,2.054571681931765,var1
"x3,x4,x5",3,9,0.0,OLS,219,34.352020236037035,49.8114469981308,-2.146566978237211,4.527215033399419,var1
"x1,x2,x3,x4",4,7,0.0,OLS,329,34.68684731614705,11.736267324237454,-2.1990064876407365,0.976683395830177,var1
"x1,x2,x4,x5,x6",5,6,0.0,OLS,461,35.51495053674516,22.284658748759373,-2.3069406596725544,2.108818277944391,var1
"x3,x5,x6",3,10,0.0,OLS,285,35.657118398597895,41.636903386604395,-2.3343321917713142,3.9853730772862415,var1
"x1,x3,x5,x6",4,8,0.0,OLS,494,39.198511901178975,15.8185204649638,-2.607511413376119,1.3811505247296674,var1
"x1,x2,x3",3,10,0.0,OLS,285,41.69312261450331,46.84648130014765,-2.8718110225553977,4.314429614055647,var1
"x1,x2,x5",3,10,0.0,OLS,285,42.34869801488488,42.65755292590337,-2.7926136733322684,3.610214397941428,var1
"x1,x2,x3,x6",4,8,0.0,OLS,494,43.33174431673764,11.557665146283039,-3.038409259759208,1.1356517776734685,var1
"x2,x4,x5",3,10,0.0,OLS,285,45.35686179196101,34.30229581730682,-3.190595427098823,3.0911395230467007,var1
"x2,x3,x4",3,9,0.0,OLS,219,45.963878807792625,56.85369067067046,-3.138736280647643,4.851588153165488,var1
"x2,x3,x5,x6",4,8,0.0,OLS,494,51.80940274015887,24.019100747855372,-3.7333380037550135,1.9481753217418971,var1
"x1,x2,x3,x5",4,8,0.0,OLS,494,65.09192244093478,40.15362065225167,-4.9727110728380435,3.594345780430153,var1
"x4,x5,x6",3,10,0.0,OLS,285,67.99157932264805,118.82613210320267,-4.950865614530945,10.166872667504366,var1
"x1,x3,x4",3,10,0.0,OLS,285,76.06920056486031,45.386916253574135,-6.019981100170433,4.085470038647048,var1
"x3,x4,x5",3,10,0.0,OLS,285,76.23140190550876,135.0171731074469,-5.968129893864424,12.286615351824544,var1
"x1,x2,x5,x6",4,8,0.0,OLS,494,85.3866287304937,53.383741470371255,-6.958122503524568,5.076234274773053,var1
"x1,x2,x4",3,10,0.0,OLS,285,122.63524875263643,126.58799272247781,-10.892678001573284,12.911343720886107,var1
"x2,x4,x5,x6",4,8,0.0,OLS,494,141.7574952755462,192.204991013358,-12.807141915004241,19.547669937904363,var1
"x1,x4,x5,x6",4,8,0.0,OLS,494,230.20147483636362,377.4352219185835,-19.18416526063373,32.25844745765951,var1
"x1,x3,x4,x6",4,8,0.0,OLS,494,278.04820482354637,254.41247858705356,-24.049629174929763,21.424095523337062,var1
"x1,x3,x4,x5",4,8,0.0,OLS,494,283.0117570114105,247.25633639858407,-24.383102518066103,20.8889011867764,var1
"x2,x3,x4,x6",4,8,0.0,OLS,494,290.9874508341882,509.47622568167566,-24.550806400769822,43.57375082627844,var1
"x2,x3,x4,x5",4,8,0.0,OLS,494,304.54252629630815,255.41720732484617,-27.998467968163833,26.29416944328785,var1
"x1,x2,x4,x6",4,8,0.0,OLS,494,310.09743637204855,157.29055205241485,-28.290862245019298,15.23553954179772,var1
"x3,x4,x5,x6",4,8,0.0,OLS,494,380.3346389454508,666.2673513458554,-32.27573768457289,57.027487032588674,var1
"x1,x2,x4,x5",4,8,0.0,OLS,494,535.4411227749227,528.6060704223969,-47.37146005396186,44.740661997635854,var1
"x2,x3,x4",3,10,0.0,OLS,285,1029.3871705579954,2168.12058258979,-88.12617054587876,186.23422430119933,var1
"x1,x2,x3,x4",4,8,0.0,OLS,494,1392.8622254920083,1297.9859918951436,-123.8670808413992,111.43450493741668,var1
"x1,x2,x3",3,8,0.0,OLS,164,0.25443968222236457,0.036037828448531845,0.993645138263352,0.0024075741097893005,var2
"x1,x2,x3",3,9,0.0,OLS,219,0.2700871911380137,0.03303334049213203,0.9932542377497148,0.002516541320011855,var2
"x1,x2,x3",3,10,0.0,OLS,285,0.3322637223222738,0.07287151891679144,0.9916805071593279,0.003483654168608888,var2
"x1,x2,x3",3,7,0.0,OLS,119,0.37303506276841525,0.08500838287622764,0.9906693375118751,0.0038290959172453654,var2
"x1,x2,x3",3,6,0.0,OLS,83,0.598055525595156,0.14820829302996963,0.9847058280691445,0.007967440689914507,var2
"x1,x2,x3",3,11,0.0,OLS,363,0.7041707599000986,0.34042188158792513,0.9809125895306406,0.01573519031927913,var2
"x1,x2,x3",3,5,0.0,OLS,55,1.3995325060503079,0.39291124507251124,0.9659500050795214,0.010858230401809351,var2
"x1,x2,x3",3,12,0.0,OLS,454,2.0848686890526844,2.5957558481177916,0.9520792601233434,0.05180948101672108,var2
"x1,x2,x3",3,4,0.0,OLS,34,3.3610574727580875,0.49340297309313236,0.9161991230588826,0.031345296616552255,var2
"x1,x2,x3",3,3,0.0,OLS,19,9.392044602113778,0.7069478421376143,0.769836920661025,0.059990779902518915,var2
"x1,x2",2,6,0.0,OLS,27,17.151904648789163,1.39255019628496,0.580644367108586,0.10542817022286896,var2
"x1,x2",2,5,0.0,OLS,20,17.22547700434766,1.2638778930357917,0.5775679716213103,0.1127406620942005,var2
"x1,x2",2,7,0.0,OLS,35,17.36947623279852,1.3388646167298026,0.574332062095076,0.11252447595401226,var2
"x1,x2",2,8,0.0,OLS,44,17.37501099413792,1.4855454781767474,0.5747898992628026,0.11032601300865919,var2
"x1,x2",2,4,0.0,OLS,14,17.38747716190292,1.2961345175954788,0.5727418280747303,0.11846810447888098,var2
"x1,x2",2,9,0.0,OLS,54,17.716899530276667,1.2621533187471,0.5664771971943148,0.11123792126770794,var2
"x1,x2",2,10,0.0,OLS,65,17.84555866417479,1.429703309821343,0.5637168535193214,0.11098154263344438,var2
"x1,x2",2,11,0.0,OLS,77,18.247207019614176,1.4834653061690697,0.5541083098323163,0.1126483915786001,var2
"x1,x2",2,3,0.0,OLS,9,18.321155756001122,1.7711163925335922,0.5513721763258074,0.11739555711291784,var2
"x1,x2",2,12,0.0,OLS,90,18.473953022946166,1.6997518894177182,0.5476685943272683,0.12126266992250079,var2
"x1,x2",2,13,0.0,OLS,104,18.90536363788356,1.3243805791528083,0.5320012184620799,0.15130455553191294,var2
"x1,x2",2,14,0.0,OLS,119,19.58122023962693,1.4018566507809256,0.5161846448162766,0.15190471404664224,var2
"x1,x2",2,15,0.0,OLS,135,20.35249605361776,1.9394231006077927,0.4985077853695931,0.15311116146809836,var2
"x1,x2,x3",3,2,0.0,OLS,9,20.95415685173047,2.5977741303748063,0.4942122487903994,0.0948732884074253,var2
"x2,x3",2,5,0.0,OLS,20,22.506437594794136,3.242585227819441,0.4596547798416095,0.08727348261273529,var2
"x2,x3",2,6,0.0,OLS,27,22.63616747710448,3.041903619892473,0.45416124637446426,0.10061771511027219,var2
"x2,x3",2,7,0.0,OLS,35,22.774427121479526,3.1836575488443737,0.4516407280926077,0.09749309646365358,var2
"x2,x3",2,8,0.0,OLS,44,22.830504828163352,3.0971711569750604,0.4504171861670119,0.0956689358476933,var2
"x1,x2",2,2,0.0,OLS,5,22.871189286171788,3.1315094442068427,0.4490060728867686,0.100436913882999,var2
"x2,x3",2,4,0.0,OLS,14,22.87373218739483,3.1640394100733875,0.44995383256177685,0.09308373002921017,var2
"x2,x3",2,9,0.0,OLS,54,22.876146824969894,3.0650117730916913,0.45067645450445787,0.08604076855205608,var2
"x2,x3",2,10,0.0,OLS,65,23.00887678175046,3.0803166796971087,0.4481078025000268,0.08197015842616731,var2
"x2,x3",2,11,0.0,OLS,77,23.374840558515512,3.2599320765106223,0.44050000447262877,0.076844032785377,var2
"x1,x2",2,16,0.0,OLS,152,23.397760875962142,6.763753037052047,0.43682837408189823,0.16255047590589503,var2
"x2,x3",2,12,0.0,OLS,90,23.580434851619845,3.0546855680247957,0.4339788141782591,0.08580406423835192,var2
"x2,x3",2,3,0.0,OLS,9,23.651212039987833,3.580507310997665,0.4326157587707857,0.09248871504842268,var2
"x2,x3",2,13,0.0,OLS,104,24.522337797711312,3.359305426747665,0.40894733375558107,0.1092172771880467,var2
"x2,x3",2,14,0.0,OLS,119,27.531213059158944,8.115414585320535,0.3379117300732074,0.19962715693932945,var2
"x1,x2",2,17,0.0,OLS,170,28.350953524265424,13.823084163352545,0.31959920511631984,0.3003356272516752,var2
"x2,x3",2,15,0.0,OLS,135,29.517834816209234,11.205174435495506,0.29000858959073633,0.26993673793160916,var2
x2,1,15,0.0,OLS,15,29.80780494938738,5.407379228709459,0.29173680689702003,0.08888596373249856,var2
x2,1,16,0.0,OLS,16,29.80991174251602,5.411389025247499,0.2916957180474423,0.08895797462533074,var2
x2,1,14,0.0,OLS,14,29.824616566496623,5.478885596088864,0.29171990329290265,0.08818458615959743,var2
x2,1,13,0.0,OLS,13,29.83899674841374,5.450568288289719,0.2914002651120162,0.08708037463079935,var2
x2,1,11,0.0,OLS,11,29.851821487491055,5.529907721786099,0.291811450233069,0.08387167895180152,var2
x2,1,4,0.0,OLS,4,29.858615997897562,5.916139423863876,0.29346862551211156,0.08333702244870561,var2
x2,1,8,0.0,OLS,8,29.862449709524157,5.475960899289765,0.2914109805359012,0.08293961814269249,var2
x2,1,3,0.0,OLS,3,29.890455671151575,5.964488087417181,0.2927047603955827,0.08519009925385441,var2
x2,1,12,0.0,OLS,12,29.894624763861906,5.543891048220781,0.29072579429483225,0.08478214914382881,var2
x2,1,5,0.0,OLS,5,29.897275754169783,5.755161368535268,0.29150309437628713,0.08548056611406613,var2
x2,1,10,0.0,OLS,10,29.91041669560185,5.465741947739363,0.29036661802866304,0.08159825589138256,var2
x2,1,7,0.0,OLS,7,29.92198913895006,5.587256035157183,0.2899745563671451,0.08682073724639723,var2
x2,1,17,0.0,OLS,17,29.923665251788794,5.401795364327127,0.28889089864175005,0.08899360635992186,var2
x2,1,6,0.0,OLS,6,29.94086223483501,5.714255713596441,0.2901800513388083,0.08607212757319405,var2
x2,1,9,0.0,OLS,9,29.941262972476853,5.505083180545838,0.28967209358344553,0.08251103093949846,var2
x2,1,18,0.0,OLS,18,29.97908096198961,5.301987076397659,0.2868848866925745,0.09121466208794513,var2
x2,1,19,0.0,OLS,19,30.074504037679958,5.315301324194786,0.2847255330794621,0.09035536485951541,var2
x2,1,20,0.0,OLS,20,30.25554960576227,5.444597383574691,0.28065833868072504,0.09146948904526774,var2
"x2,x3",2,2,0.0,OLS,5,30.703500962886995,5.237489764825439,0.2705191702188922,0.08019016916215328,var2
x2,1,2,0.0,OLS,2,31.652493715231106,5.563445382902389,0.24830823831957413,0.08525005432388175,var2
"x2,x3",2,1,0.0,OLS,2,32.14509719243004,5.302919849789572,0.23486783871352407,0.09065210034960396,var2
"x1,x2,x3",3,1,0.0,OLS,3,32.27365343797797,5.573638982768927,0.23231202801304338,0.09483040286078574,var2
"x1,x3",2,4,0.0,OLS,14,32.28563643066108,4.863631539511102,0.23073839868436669,0.0824293901640158,var2
"x1,x3",2,5,0.0,OLS,20,32.43635772511677,5.177554290412388,0.22856979481069697,0.07629866062965468,var2
"x1,x3",2,6,0.0,OLS,27,32.772603275866416,5.242413188055236,0.22077847834725245,0.07536830433714782,var2
"x1,x2",2,18,0.0,OLS,189,32.79865742129962,21.41390234831893,0.22203743262520348,0.43623238696252625,var2
"x2,x3",2,16,0.0,OLS,152,32.82997632445206,16.315010167639045,0.21638003826209012,0.3776923881836853,var2
x2,1,1,0.0,OLS,1,32.862103538389036,5.751013320270614,0.21949768825362576,0.08792906945611538,var2
"x1,x2",2,1,0.0,OLS,2,32.97329550192001,6.074368277657969,0.21753312083333548,0.09346986088265707,var2
"x1,x2,x3",3,13,0.0,OLS,559,33.84319989152028,30.124388698469154,0.08374134141615501,0.9460682378413754,var2
"x1,x3",2,7,0.0,OLS,35,34.01242710831489,4.849217189673134,0.18651277280242692,0.1082522455254207,var2
"x1,x3",2,8,0.0,OLS,44,34.576430032105065,5.09715945889454,0.17274686839079537,0.1156578908154779,var2
"x1,x3",2,9,0.0,OLS,54,35.13283730369632,5.439138840122603,0.16038150178302218,0.11531569590990284,var2
"x1,x3",2,10,0.0,OLS,65,35.513113913243934,5.708795330559436,0.15139591518823473,0.12038273916272302,var2
"x1,x3",2,3,0.0,OLS,9,36.46694835013839,5.976716605866023,0.13386205136453147,0.07866856803221492,var2
"x1,x3",2,11,0.0,OLS,77,36.49028761262701,5.9688165679045015,0.12941875303704337,0.11477375188860622,var2
"x1,x3",2,12,0.0,OLS,90,37.115071118650924,5.8015735253457255,0.1137786947436326,0.11602420120842642,var2
"x1,x3",2,2,0.0,OLS,5,37.30631065303525,6.462657583131154,0.11598665316146169,0.07029711708220765,var2
"x1,x3",2,13,0.0,OLS,104,37.74865339601034,5.563228536192877,0.0944382835979215,0.1450281628287901,var2
x1,1,4,0.0,OLS,4,38.29490687139975,6.874325559952864,0.09407068433947359,0.06872984736131808,var2
x1,1,2,0.0,OLS,2,38.387335033066364,7.47806634643854,0.09569299417413353,0.04928475987400093,var2
x1,1,5,0.0,OLS,5,38.43332986981871,6.976624225894806,0.09136801213832073,0.06509536149198371,var2
x1,1,3,0.0,OLS,3,38.4468907528815,7.505025851464515,0.09425273936974272,0.0529189074345512,var2
"x1,x3",2,14,0.0,OLS,119,38.451822663381115,5.166868087721147,0.07561112984057754,0.154687175132542,var2
x1,1,6,0.0,OLS,6,38.50595607414266,7.080069349504487,0.09024306259218243,0.06175494617116689,var2
"x2,x3",2,17,0.0,OLS,170,38.55571479601683,25.459937655889306,0.08318058166856705,0.5897925747581906,var2
x1,1,7,0.0,OLS,7,38.67522351873601,7.162868664364204,0.0864686693227205,0.06243813610625734,var2
x1,1,17,0.0,OLS,17,38.79610892485765,6.919990818038618,0.08179127642878455,0.07250418452860784,var2
x1,1,8,0.0,OLS,8,38.79766031876643,7.231169330406399,0.08384842334526403,0.06103904944521525,var2
x1,1,11,0.0,OLS,11,38.814431175621806,7.275795753824065,0.08343898749424536,0.06540228972008849,var2
x1,1,10,0.0,OLS,10,38.823695857510046,7.190710924968821,0.08289270553707759,0.06364037345239844,var2
x1,1,12,0.0,OLS,12,38.843192822785475,7.2893863183005605,0.08282662023678353,0.06504872802077245,var2
x1,1,9,0.0,OLS,9,38.84991205221454,7.156251643809557,0.08208780804501906,0.06320268502742513,var2
x1,1,16,0.0,OLS,16,38.863752212329594,7.059526526126327,0.08103295162359006,0.06884483186466848,var2
x1,1,14,0.0,OLS,14,38.86432343169559,7.311286200301529,0.08251546224323485,0.06329703351209044,var2
x1,1,13,0.0,OLS,13,38.872748482786186,7.295931958997753,0.08215542983378485,0.06466659859973509,var2
x1,1,15,0.0,OLS,15,38.875565125919195,7.121937441969002,0.08107851737784663,0.06801717928372951,var2
x1,1,18,0.0,OLS,18,38.90369287113337,6.9726483289522,0.07953719514580493,0.07049046115549192,var2
x1,1,19,0.0,OLS,19,38.9342294314363,6.982198048551944,0.07885096564378505,0.07026501032004781,var2
x1,1,20,0.0,OLS,20,38.96581732075386,6.992934052775146,0.07812846957373902,0.07027564171672633,var2
"x1,x3",2,15,0.0,OLS,135,39.57594998458221,3.8573208256567226,0.039952861441929,0.2031255787472496,var2
"x1,x3",2,16,0.0,OLS,152,42.080766552721705,2.9804176223684755,-0.025254105441364017,0.23306550701726225,var2
x3,1,3,0.0,OLS,3,42.30800223033846,9.017402426672465,0.007360155695790471,0.02782745216880817,var2
x3,1,4,0.0,OLS,4,42.357021803401075,9.040486829341651,0.006305784936546521,0.027232907829556573,var2
x3,1,5,0.0,OLS,5,42.40945276972524,8.966772984480082,0.004557724841107946,0.029800298591674226,var2
x3,1,6,0.0,OLS,6,42.52473059956969,8.995871229955233,0.001864644098252377,0.030142310385085126,var2
"x1,x3",2,1,0.0,OLS,2,42.53135881225403,8.888898594509522,0.0013834252845878804,0.029392742377815185,var2
x3,1,1,0.0,OLS,1,42.54634959329505,8.885624199310215,0.0006336367665484843,0.034136717191056716,var2
x3,1,2,0.0,OLS,2,42.584052283868125,8.880743940843747,-0.00031985872951236784,0.03439696475603935,var2
x3,1,9,0.0,OLS,9,42.61378961034252,8.681673066514946,-0.0029624552417386375,0.05052368969538597,var2
x3,1,7,0.0,OLS,7,42.63292393125952,8.727810533346664,-0.002499937631414073,0.03992784719737739,var2
x3,1,10,0.0,OLS,10,42.68630202226406,8.677589764819462,-0.004797369698159848,0.05131123872489239,var2
x3,1,11,0.0,OLS,11,42.69596302870009,8.741166405384698,-0.0047852852162130425,0.051468704202576834,var2
x3,1,8,0.0,OLS,8,42.734095448503574,8.532707394391139,-0.006295607279068793,0.04815662508484487,var2
x3,1,13,0.0,OLS,13,42.77269842328632,8.577144106968868,-0.0073661928956075375,0.052566651970482874,var2
x3,1,12,0.0,OLS,12,42.79240736996067,8.551260358116743,-0.008280501835462894,0.0568299364314414,var2
x3,1,16,0.0,OLS,16,42.83559356530908,8.799067634079737,-0.007890790034972705,0.05109040442989723,var2
x3,1,14,0.0,OLS,14,42.84162811205518,8.547719792041782,-0.009312098815554082,0.054681954738343086,var2
x3,1,15,0.0,OLS,15,42.922876041116695,8.61262887139007,-0.010952868003372229,0.0536679182502439,var2
x3,1,17,0.0,OLS,17,42.928233941041356,8.839002706207163,-0.009891657649216202,0.05000646867265076,var2
x3,1,18,0.0,OLS,18,42.9613566476642,8.923716084377386,-0.010270115383911893,0.04902097673863685,var2
x3,1,19,0.0,OLS,19,43.03164115839366,8.912942218922112,-0.012049811134912814,0.04939079768124419,var2
x3,1,20,0.0,OLS,20,43.070102826806234,8.933139127300311,-0.012738090393277224,0.047188244013887985,var2
x1,1,1,0.0,OLS,1,43.13517061853313,9.320347646434909,-0.010591983520648985,0.01686173044417224,var2
"x1,x3",2,17,0.0,OLS,170,46.37633020704934,5.290136440450517,-0.1406288038832078,0.3383505777557693,var2
"x1,x2",2,19,0.0,OLS,209,54.458802342548395,51.09020085353699,-0.2686472925988911,1.0196816365634296,var2
"x1,x3",2,18,0.0,OLS,189,57.74846321761942,12.308053559037702,-0.4098269569834633,0.4165863566985361,var2
"x1,x2",2,20,0.0,OLS,230,69.66344361416014,54.304282369900996,-0.5967844560025414,1.033120586459694,var2
"x2,x3",2,18,0.0,OLS,189,76.55705497640417,93.60518069004425,-0.8007410474089383,2.1864830438719554,var2
"x1,x3",2,19,0.0,OLS,209,81.11815177051483,29.280550518590932,-0.9995560282166306,0.8607057491487576,var2
"x2,x3",2,19,0.0,OLS,209,170.9865754010675,297.0762130211598,-3.0374436448115927,6.96490842666514,var2
"x1,x3",2,20,0.0,OLS,230,190.49323446284197,167.90705904697603,-3.5039730840062333,3.5423885296951334,var2
"x1,x2,x3",3,14,0.0,OLS,679,217.36247703876015,122.32387576646023,-4.501692016057624,3.3420337836346254,var2
"x2,x3",2,20,0.0,OLS,230,566.3206507327357,1000.5594880491358,-12.268619432838264,23.49076780675111,var2
